"order_no","user_id","withdraw_amount","loan_time","product_name","total_cycle","pay_cnt"
"212366222388498474",655,"3000.00",2022-08-09 16:29:22,银信金,12,0
"212562217315471379",714,"7000.00",2022-08-10 05:27:12,银信金,12,0
"212742412517380100",825,"3000.00",2022-08-10 17:23:07,银信金,12,4
"212871234990510156",898,"5000.00",2022-08-11 01:55:59,银信金,6,0
"212910618871730178",970,"3000.00",2022-08-11 04:32:17,银信金,12,0
"212910874229346331",1008,"7000.00",2022-08-11 04:32:39,银信金,12,0
"212918213799972898",1017,"6000.00",2022-08-11 05:02:12,银信金,12,0
"212952279416967170",1068,"6000.00",2022-08-11 07:17:09,银信金,12,0
"212955857498017852",840,"3000.00",2022-08-11 07:31:19,银信金,12,0
"212986611158356047",1118,"3000.00",2022-08-11 09:33:36,银信金,12,0
"212991467176726621",1126,"3000.00",2022-08-11 09:53:15,银信金,12,2
"212992195983183929",1125,"2600.00",2022-08-11 09:55:49,银信金,12,3
"212992783642923072",1123,"15000.00",2022-08-11 10:41:07,银信金,12,0
"213222983106433116",1205,"4000.00",2022-08-12 01:14:08,银信金,12,0
"213236822287978563",1260,"1000.00",2022-08-12 04:54:39,银信金,12,4
"213306196961136697",1367,"4000.00",2022-08-12 06:43:37,银信金,6,4
"213348975170949215",1403,"4000.00",2022-08-12 09:33:45,银信金,12,0
"213349873641197584",1410,"10000.00",2022-08-12 09:37:08,银信金,12,4
"213603005784789077",1260,"1000.00",2022-08-13 02:22:39,银信金,12,4
"213606863734968413",1454,"4000.00",2022-08-13 02:38:18,银信金,12,0
"213729829709811783",1455,"6000.00",2022-08-13 10:46:46,银信金,6,0
"214026477015011340",1517,"1000.00",2022-08-14 06:50:53,银信金,6,4
"214064854032584800",1260,"1000.00",2022-08-14 08:58:06,银信金,12,4
"214318769345007654",1522,"4000.00",2022-08-15 01:47:40,银信金,12,0
"214396466947559437",1587,"3000.00",2022-08-15 06:56:03,银信金,12,0
"214695782052401217",1716,"3000.00",2022-08-16 02:46:11,银信金,12,0
"214712873396605015",1554,"2000.00",2022-08-16 03:54:04,银信金,12,0
"214714265842618415",1757,"6000.00",2022-08-16 03:59:53,银信金,12,1
"214719923501535279",1776,"7000.00",2022-08-16 04:33:51,银信金,12,0
"214791364116877372",1876,"3000.00",2022-08-16 09:06:59,银信金,12,0
"214796288867307556",1757,"1000.00",2022-08-17 01:40:14,银信金,12,1
"214831272063799369",1675,"3000.00",2022-08-16 11:46:12,银信金,6,0
"214847055166836819",1916,"5000.00",2022-08-16 12:50:46,银信金,12,0
"215034599770820682",1942,"3000.00",2022-08-17 01:13:16,银信金,12,4
"215043741843591168",1976,"11000.00",2022-08-17 01:49:49,银信金,12,0
"215058556037238865",2006,"1000.00",2022-08-17 02:51:28,银信金,12,0
"215070382682673218",2006,"1000.00",2022-08-17 03:33:19,银信金,12,0
"215087924612567082",2111,"4000.00",2022-08-17 04:44:34,银信金,12,0
"215103459236646976",2137,"9900.00",2022-08-17 05:46:41,银信金,12,3
"215121357124538415",1554,"1500.00",2022-08-17 06:55:55,银信金,6,0
"215121401726767105",2006,"3000.00",2022-08-17 06:56:37,银信金,12,0
"215136210065166414",1554,"1500.00",2022-08-17 07:54:51,银信金,6,0
"215141891396735065",2196,"3000.00",2022-08-17 08:22:19,银信金,6,0
"215144292656746524",1197,"8000.00",2022-08-17 08:35:03,银信金,12,0
"215172903283593245",2235,"1000.00",2022-08-17 10:21:44,银信金,12,0
"215173664763678726",2235,"2000.00",2022-08-17 10:23:36,银信金,12,0
"215174289689808951",2234,"2000.00",2022-08-17 10:28:58,银信金,12,2
"215177796211839061",2241,"6000.00",2022-08-17 10:42:37,银信金,12,0
"215412914423730241",2304,"8000.00",2022-08-18 02:16:48,银信金,12,0
"215426675167596566",2321,"10000.00",2022-08-18 03:13:53,银信金,6,4
"215428389476110343",1890,"5000.00",2022-08-18 03:29:49,银信金,12,0
"215451288689840160",2389,"7000.00",2022-08-18 04:48:20,银信金,12,0
"215463012499329025",2412,"6000.00",2022-08-18 05:40:12,银信金,12,0
"215465201410117657",2426,"3000.00",2022-08-18 05:44:13,银信金,12,0
"215470436253831168",2444,"3000.00",2022-08-18 06:05:15,银信金,12,0
"215472888667574295",2454,"3000.00",2022-08-18 06:14:41,银信金,6,0
"215473252238233691",2456,"7000.00",2022-08-18 06:17:35,银信金,12,4
"215473826006437936",2453,"3000.00",2022-08-18 06:20:15,银信金,12,0
"215476165077504019",2464,"13000.00",2022-08-18 06:28:14,银信金,12,3
"215482429182447651",2479,"5000.00",2022-08-18 07:00:45,银信金,12,0
"215487880188006406",2504,"5000.00",2022-08-18 07:17:33,银信金,12,0
"215494803654316051",2519,"8000.00",2022-08-18 07:41:30,银信金,12,0
"215504305820667980",2548,"6000.00",2022-08-18 08:18:48,银信金,12,0
"215546483020271694",2620,"7000.00",2022-08-18 11:20:26,银信金,12,0
"215557807032897604",2641,"2000.00",2022-08-18 11:53:29,银信金,6,0
"215563284617760836",2430,"1000.00",2022-08-18 12:14:04,银信金,6,1
"215574046748839974",2663,"6000.00",2022-08-18 12:57:49,银信金,12,3
"215584925414461443",2667,"4000.00",2022-08-18 13:39:50,银信金,12,0
"215612983492087843",2697,"6850.00",2022-08-18 15:32:58,银信金,6,0
"215631231969267795",2705,"6000.00",2022-08-18 16:46:39,银信金,12,0
"215762945500647470",2708,"5000.00",2022-08-19 01:27:47,银信金,6,0
"215770495793106991",2743,"5000.00",2022-08-19 01:57:50,银信金,12,0
"215782257993060377",2829,"3000.00",2022-08-19 02:44:14,银信金,12,0
"215782658247102513",2798,"3000.00",2022-08-19 02:44:19,银信金,12,0
"215799294547071015",2931,"5000.00",2022-08-19 03:54:16,银信金,12,0
"215800630407729213",2947,"6000.00",2022-08-19 03:58:21,银信金,12,0
"215804023926820934",2931,"2000.00",2022-08-19 04:09:06,银信金,12,0
"215807341893914684",2959,"3000.00",2022-08-19 04:33:26,银信金,12,0
"215823154994614277",2700,"6000.00",2022-08-19 05:26:19,银信金,6,0
"215835491902296081",2721,"1500.00",2022-08-19 06:16:29,银信金,12,0
"215838364027457618",3081,"3000.00",2022-08-19 06:31:47,银信金,12,0
"215842192676229163",1517,"4000.00",2022-08-19 06:40:17,银信金,6,4
"215856117606125582",3086,"3000.00",2022-08-19 07:39:14,银信金,12,0
"215863340369580105",3167,"1000.00",2022-08-19 08:06:20,银信金,12,0
"215865763175731252",3167,"8000.00",2022-08-19 08:14:06,银信金,12,0
"215885556658343959",3232,"1000.00",2022-08-19 09:37:15,银信金,12,0
"215888536166076493",3249,"7000.00",2022-08-19 09:49:56,银信金,12,0
"215892924838318109",3265,"3000.00",2022-08-19 10:03:53,银信金,12,0
"215910610230186069",3293,"3000.00",2022-08-19 11:18:15,银信金,12,1
"215945806925140016",3328,"3000.00",2022-08-19 13:35:25,银信金,12,0
"216140375855861767",3352,"5000.00",2022-08-20 02:30:43,银信金,12,1
"216151294614835264",3467,"6000.00",2022-08-20 03:20:58,银信金,12,2
"216153290872852536",3421,"4000.00",2022-08-20 03:20:11,银信金,12,0
"216176041868267567",3597,"3000.00",2022-08-20 04:51:23,银信金,12,0
"216177513163001952",2612,"5000.00",2022-08-20 04:54:52,银信金,12,0
"216192805196927046",3646,"3000.00",2022-08-20 06:00:35,银信金,12,0
"216223019763372106",2430,"1000.00",2022-08-20 07:53:38,银信金,6,1
"216240281094328407",3796,"3000.00",2022-08-20 09:06:50,银信金,6,5
"216258536437583950",3842,"3000.00",2022-08-20 10:15:47,银信金,6,0
"216302011132547170",2721,"1000.00",2022-08-22 09:57:06,银信金,12,0
"216305705328709703",3232,"6000.00",2022-08-20 13:22:05,银信金,12,0
"216313007393869914",2798,"6000.00",2022-08-20 13:51:23,银信金,12,0
"216456156502167589",2816,"4000.00",2022-08-20 23:22:46,银信金,12,0
"216484439608397857",3948,"3000.00",2022-08-21 01:15:53,银信金,12,0
"216504279324823581",2553,"5000.00",2022-08-21 04:10:26,银信金,12,0
"216517570117898302",2479,"2000.00",2022-08-21 03:24:08,银信金,12,0
"216536070899240962",4060,"3000.00",2022-08-21 04:37:51,银信金,12,0
"216562744479059990",4083,"3000.00",2022-08-21 06:24:52,银信金,12,0
"216565262382665752",4094,"3000.00",2022-08-21 06:37:58,银信金,12,0
"216569629471019084",3622,"3000.00",2022-08-21 06:53:30,银信金,6,1
"216572265557528658",4105,"8000.00",2022-08-21 07:04:02,银信金,12,0
"216584258473562133",1076,"3000.00",2022-08-21 07:55:52,银信金,12,0
"216609670914248771",4144,"3000.00",2022-08-21 09:32:39,银信金,12,0
"216891900437860375",4263,"4000.00",2022-08-22 04:16:38,银信金,12,3
"216891910294474765",4320,"3000.00",2022-08-22 04:16:39,银信金,12,0
"216898330180063307",1260,"1000.00",2022-08-22 04:37:38,银信金,12,4
"216915751188172850",4370,"17000.00",2022-08-22 05:49:52,银信金,12,0
"216926700020305942",4403,"6000.00",2022-08-22 06:33:11,银信金,6,5
"216929715745853537",4410,"9000.00",2022-08-22 06:43:41,银信金,12,0
"216932055743860758",4422,"3000.00",2022-08-22 06:53:31,银信金,12,0
"216942277099130961",4462,"3000.00",2022-08-22 07:32:47,银信金,12,0
"216948619486564408",3122,"3000.00",2022-08-22 08:01:55,银信金,12,0
"216977622704459855",4575,"3000.00",2022-08-22 09:55:22,银信金,12,0
"217001646989906018",4613,"5000.00",2022-08-22 11:29:32,银信金,12,0
"217027635954454544",3761,"7000.00",2022-08-22 13:12:46,银信金,6,0
"217046237579448362",4315,"3000.00",2022-08-22 14:24:46,银信金,12,0
"217239541705216016",3393,"1000.00",2022-08-23 03:13:11,银信金,12,0
"217240782204178526",3393,"8000.00",2022-08-23 03:17:53,银信金,12,0
"217249929561772118",4744,"8000.00",2022-08-23 03:55:34,银信金,12,0
"217325225400995855",4935,"4000.00",2022-08-23 08:55:34,银信金,12,0
"217340218834030602",4346,"3000.00",2022-08-23 09:59:15,银信金,12,0
"217356068769108053",4990,"3000.00",2022-08-23 10:59:29,银信金,12,0
"217402329589223426",5029,"5000.00",2022-08-23 14:06:23,银信金,12,0
"217573572938436610",4243,"1000.00",2022-08-24 01:23:00,银信金,12,0
"217596190718562307",4857,"4000.00",2022-08-24 02:55:16,银信金,12,3
"217615499759063084",5147,"8000.00",2022-08-24 04:16:16,银信金,12,0
"217635553666011152",5176,"7000.00",2022-08-24 05:27:48,银信金,12,0
"217648635482083364",5207,"11000.00",2022-08-24 06:22:46,银信金,12,0
"217654553951211531",5220,"6000.00",2022-08-24 06:44:06,银信金,6,0
"217667430422548577",4493,"5000.00",2022-08-24 07:36:41,银信金,12,0
"217698148657795169",5333,"7000.00",2022-08-24 09:38:02,银信金,12,0
"217704197842407491",5342,"5000.00",2022-08-24 10:01:07,银信金,12,0
"217723815306858585",2721,"1200.00",2022-08-24 11:17:10,银信金,12,0
"217757187429240908",3228,"3000.00",2022-08-24 13:32:24,银信金,6,0
"217919382108639259",5182,"7000.00",2022-08-25 00:15:19,银信金,12,0
"217981448089636948",5524,"10000.00",2022-08-25 04:21:07,银信金,12,0
"217983257566908444",2006,"2000.00",2022-08-25 04:29:09,银信金,12,0
"218012048473329745",5582,"3000.00",2022-08-25 06:22:40,银信金,12,0
"218016488513212491",5591,"3000.00",2022-08-25 06:40:40,银信金,12,0
"218025090288324706",5509,"3000.00",2022-08-25 07:16:01,银信金,12,0
"218064462584877102",5671,"3000.00",2022-08-25 09:50:45,银信金,12,3
"218274815386193987",4261,"5000.00",2022-08-25 23:48:01,银信金,6,0
"218301031115788376",2234,"1000.00",2022-08-26 01:31:13,银信金,12,2
"218314827993583631",5764,"9000.00",2022-08-26 02:25:39,银信金,12,0
"218345245073608707",5815,"3000.00",2022-08-26 04:27:02,银信金,12,0
"218377748450775046",4243,"1000.00",2022-08-26 06:35:43,银信金,12,0
"218379644951466055",5862,"4000.00",2022-08-26 06:43:28,银信金,12,0
"218382762728624152",2479,"2000.00",2022-08-26 06:55:42,银信金,12,0
"218406447946534946",5901,"6000.00",2022-08-26 10:33:43,银信金,12,0
"219157951347298354",4854,"4500.00",2022-08-28 10:16:12,银信金,12,0
"219407711425663025",2479,"1000.00",2022-08-29 02:48:41,银信金,12,0
"219430484134989866",6278,"9000.00",2022-08-29 04:19:02,银信金,12,0
"219451547996786730",6323,"3000.00",2022-08-29 05:42:56,银信金,12,0
"219454891884679266",6325,"11000.00",2022-08-29 05:56:06,银信金,12,0
"219562653851455538",2234,"1000.00",2022-08-29 13:04:08,银信金,12,1
"220136191675207682",6694,"3000.00",2022-08-31 03:03:03,银信金,12,0
"220170512171667516",2234,"1000.00",2022-08-31 05:19:29,银信金,12,1
"220320152137371737",2798,"7000.00",2022-08-31 15:14:12,银信金,6,0
"220453810487824470",2006,"1000.00",2022-09-01 00:05:09,银信金,12,0
"220589158614306847",1748,"7000.00",2022-09-01 09:06:55,银信金,6,0
"220655177517109332",2006,"4000.00",2022-09-01 13:25:19,银信金,12,0
"220852897116721190",2430,"1000.00",2022-09-02 02:30:57,银信金,6,0
"220854423591718982",7265,"5000.00",2022-09-02 02:37:05,银信金,12,0
"220901707658432594",1890,"1000.00",2022-09-02 05:45:49,银信金,12,0
"221055676938588174",7626,"3000.00",2022-09-02 15:57:21,银信金,6,2
"221314990471254107",2234,"1000.00",2022-09-03 09:07:10,银信金,12,1
"221524344302604370",7626,"1000.00",2022-09-03 22:59:03,银信金,12,2
"221538042136104983",2479,"2000.00",2022-09-03 23:53:25,银信金,12,0
"221704533779288144",8147,"3000.00",2022-09-04 10:55:27,银信金,12,0
"221922202549882945",2321,"1000.00",2022-09-05 01:20:16,银信金,6,3
"222002947972796450",2743,"2000.00",2022-09-05 06:41:07,银信金,6,0
"222471505991307286",2430,"1000.00",2022-09-06 13:42:56,银信金,6,0
"222659563302817887",8853,"8000.00",2022-09-07 02:10:02,银信金,12,0
"222659592495173672",2234,"1000.00",2022-09-07 02:10:36,银信金,12,1
"223047280243118089",7626,"1000.00",2022-09-08 07:58:33,银信金,12,2
"223089403642384384",2479,"1000.00",2022-09-08 07:58:56,银信金,12,0
"223420057924014152",4243,"1000.00",2022-09-09 12:26:19,银信金,12,0
"223552885353484325",9526,"3000.00",2022-09-09 13:19:40,银信金,12,0
"223805774009339993",9392,"3000.00",2022-09-10 06:04:46,银信金,6,0
"224112052891947029",10110,"3000.00",2022-09-11 02:22:06,银信金,12,0
"224208255273013328",9407,"5000.00",2022-09-11 08:43:58,银信金,12,0
"228186534749278305",4243,"1000.00",2022-09-22 08:12:20,银信金,12,0
"229182395675447331",4000,"3000.00",2022-09-25 02:09:44,银信金,12,0
"230028127785586723",10767,"5000.00",2022-09-27 10:10:10,银信金,6,0
"231045270643806240",10764,"3000.00",2022-09-30 05:31:55,银信金,12,0
"231367175590514743",4243,"1000.00",2022-10-01 02:50:59,银信金,12,0
"234041817321050157",4243,"1000.00",2022-10-08 11:59:09,银信金,12,0
"234780499795644507",11134,"1000.00",2022-10-10 12:55:43,银信金,6,0
"234783039903895605",11010,"1200.00",2022-10-10 13:05:50,银信金,6,0
"234993270919401527",11134,"1000.00",2022-10-12 09:40:32,银信金,12,0
"235466789776134235",11010,"4000.00",2022-10-12 10:22:21,银信金,12,0
"238623108402122781",11233,"5000.00",2022-10-21 03:24:30,银信金（风擎1.0）,12,0
"238629631400480836",11240,"5500.00",2022-10-21 03:50:33,银信金（风擎1.0）,12,0
"238703956983943233",11289,"4500.00",2022-10-21 08:48:34,银信金（风擎1.0）,12,0
"238755408297201761",11324,"3000.00",2022-10-21 12:10:20,银信金（风擎1.0）,12,0
"238775464863338496",11329,"3500.00",2022-10-21 13:29:57,银信金（风擎1.0）,12,0
"238781689084645402",11324,"1500.00",2022-10-21 13:55:12,银信金（风擎1.0）,12,0
"239007380912869406",11378,"4500.00",2022-10-22 04:51:26,银信金,12,0
"239761832779321384",11562,"4000.00",2022-10-24 06:49:27,银信金（风擎1.0）,6,0
"240212904660570202",11830,"3500.00",2022-10-25 12:42:02,银信金（风擎1.0）,3,0
"240443440725364760",11936,"2000.00",2022-10-26 03:57:41,银信金（风擎1.0）,12,0
"240968976774074450",12320,"3500.00",2022-10-27 14:46:03,银信金（风擎1.0）,3,0
"241518644641796147",12592,"3000.00",2022-10-29 03:10:57,银信金（风擎1.0）,12,0
"241533893436641308",12610,"3000.00",2022-10-29 04:11:09,银信金（风擎1.0）,3,0
"242684182919254036",13028,"3500.00",2022-11-01 08:21:52,银信金（风擎1.0）,3,0
"243077204198690838",11936,"3000.00",2022-11-02 10:23:23,银信金（风擎1.0）,12,0
"243121097845903372",11522,"8000.00",2022-11-02 13:18:15,银信金（风擎1.0）,12,0
"243314574470811725",13017,"3500.00",2022-11-03 02:06:42,银信金（风擎1.0）,3,0
"243465027091304460",13296,"5000.00",2022-11-03 12:04:45,银信金（风擎1.0）,12,0
"243777090464387105",13584,"4500.00",2022-11-04 08:44:31,银信金（风擎1.0）,12,0
"244152964699263068",13387,"3500.00",2022-11-05 09:39:28,银信金（风擎1.0）,3,0
"245126136479223906",14024,"3000.00",2022-11-08 02:06:38,银信金（风擎1.0）,3,0
"245242903914483722",14224,"1000.00",2022-11-08 09:49:26,银信金（风擎1.0）,3,0
"245564613897359441",14332,"3000.00",2022-11-09 07:07:29,银信金（风擎1.0）,3,0
"245736974839844866",14224,"2000.00",2022-11-09 18:32:44,银信金,12,0
"247356023646588979",15126,"3000.00",2022-11-14 05:46:20,银信金（风擎1.0）,1,0
"250271374050988067",16664,"2000.00",2022-11-22 06:50:43,银信金【限1期】（风擎1.0）,1,1
"250348632241475677",16964,"1000.00",2022-11-22 11:58:34,银信金（风擎1.0）,1,0
"250409199689928783",16664,"2500.00",2022-11-22 15:58:17,银信金【限1期】（风擎1.0）,1,1
"250955430094835788",14105,"5000.00",2022-11-24 04:09:18,银信金（风擎1.0）,1,0
"251618390156906580",17519,"8000.00",2022-11-26 00:03:00,银信金（风擎1.0）,1,0
"252038091722854479",18769,"8000.00",2022-11-27 03:51:09,银信金（风擎1.0）,1,0
"252071530664693824",18806,"3500.00",2022-11-27 06:03:54,银信金（风擎1.0）,1,0
"252540030222995494",11830,"1100.00",2022-11-28 13:05:41,银信金（风擎1.0）,1,0
"253084085398933576",19835,"3000.00",2022-11-30 01:07:15,银信金（风擎1.0）,1,0
"253134001332686884",15045,"5000.00",2022-11-30 04:26:37,银信金（风擎1.0）,1,0
"253280051137744976",16964,"1000.00",2022-11-30 14:06:21,银信金（风擎1.0）,1,0
"254659817560477776",16964,"1000.00",2022-12-04 09:29:07,银信金（风擎1.0）,1,0
"255140665309139038",22396,"3500.00",2022-12-05 17:19:36,银信金（风擎1.0）,1,0
"255738294288125994",23032,"1000.00",2022-12-07 08:54:05,银信金（风擎1.0）,1,0
"256342854220255320",20584,"5000.00",2022-12-09 00:56:29,银信金【限1期】（风擎1.0）,1,0
"256753726704979979",15094,"3000.00",2022-12-10 04:09:17,银信金（风擎1.0）,1,0
"256800882316939276",24131,"1000.00",2022-12-10 07:15:33,银信金（风擎1.0）,1,0
"256810217021509688",24131,"1000.00",2022-12-10 07:52:42,银信金（风擎1.0）,1,0
"256855077833281610",23032,"2000.00",2022-12-10 10:50:47,银信金（风擎1.0）,1,0
"257250954695544855",24328,"3000.00",2022-12-11 13:04:40,银信金（风擎1.0）,1,0
