"order_no","user_id","withdraw_amount","loan_time","product_name","total_cycle"
"204692501725057107",2,"100.00",2022-07-19 12:15:59,灰度测试,6
"204699813235789838",2,"100.00",2022-07-19 12:45:02,灰度测试,12
"204988251780550740",20,"100.00",2022-07-20 09:03:35,灰度测试,6
"205007194956107865",20,"100.00",2022-07-20 09:05:47,灰度测试,6
"205057151553638417",26,"100.00",2022-07-20 12:24:20,灰度测试,6
"205068627878219842",29,"1000.00",2022-07-20 13:09:49,银信金,12
"205374302734913622",43,"1000.00",2022-07-21 09:24:28,银信金,6
"205388813789433893",45,"1000.00",2022-07-21 10:22:07,银信金,6
"205411658087141466",41,"1000.00",2022-07-21 11:53:02,银信金,6
"205620054589575256",26,"100.00",2022-07-22 01:41:06,灰度测试,6
"207149730386546731",26,"100.00",2022-07-26 07:00:12,灰度测试,6
"209392980061196310",185,"5000.00",2022-08-01 11:35:35,银信金,12
"210083289971691536",209,"9000.00",2022-08-03 09:16:53,银信金,12
"211915782584668173",27,"100.00",2022-08-08 10:40:03,灰度测试,12
"212217877602897982",517,"5000.00",2022-08-09 06:48:19,银信金,12
"212591792858730522",241,"3000.00",2022-08-10 07:25:03,银信金,12
"212593571491090517",720,"7000.00",2022-08-10 07:33:59,银信金,12
"212683319316451385",803,"1500.00",2022-08-10 13:29:02,银信金,6
"212685309303984139",808,"6000.00",2022-08-10 13:36:24,银信金,12
"212925185127485488",945,"12000.00",2022-08-11 08:12:52,银信金,12
"212941377485541423",1056,"3000.00",2022-08-11 06:33:49,银信金,12
"213001901837520897",1138,"8000.00",2022-08-11 10:34:31,银信金,12
"213004165083959326",1137,"8000.00",2022-08-11 10:44:25,银信金,12
"213007058138697729",1121,"9000.00",2022-08-11 10:55:02,银信金,12
"213016587496722472",1153,"2500.00",2022-08-11 11:33:12,银信金,6
"213071376272199689",1011,"8000.00",2022-08-11 15:13:24,银信金,12
"213127716659138630",1038,"3000.00",2022-08-17 15:55:06,银信金,12
"213249594014961668",1289,"3000.00",2022-08-12 02:59:52,银信金,12
"213272824813588574",1334,"4000.00",2022-08-12 04:31:38,银信金,12
"213323082172076073",1380,"12000.00",2022-08-12 07:51:28,银信金,12
"213586017167478809",207,"11000.00",2022-08-13 01:14:57,银信金,12
"213647781108256773",1037,"1000.00",2022-08-13 05:22:13,银信金,12
"213755162546802722",1006,"3000.00",2022-08-13 12:28:25,银信金,12
"213756742910218278",833,"4000.00",2022-08-13 12:34:21,银信金,6
"213949289704067106",1490,"1800.00",2022-08-14 01:19:10,银信金,12
"214060126120841258",1538,"3000.00",2022-08-14 08:39:09,银信金,6
"214103707992854619",1449,"2000.00",2022-08-14 11:32:37,银信金,6
"214336868119089232",663,"2000.00",2022-08-15 02:58:59,银信金,12
"214355323165741129",1530,"3000.00",2022-08-15 04:12:36,银信金,12
"214365641099055129",1528,"1000.00",2022-08-15 04:53:20,银信金,12
"214398965712556033",1589,"6000.00",2022-08-15 07:06:48,银信金,12
"214400392216317990",1593,"8000.00",2022-08-15 07:11:33,银信金,12
"214411987931762780",1563,"4000.00",2022-08-15 08:00:15,银信金,6
"214427298512900110",1449,"2000.00",2022-08-15 08:57:57,银信金,6
"214491764273319939",1528,"1000.00",2022-08-15 13:14:29,银信金,12
"214756235596140615",1823,"4000.00",2022-08-16 06:47:30,银信金,12
"214786697978843142",1869,"5000.00",2022-08-16 09:05:17,银信金,12
"214804933885694029",1889,"2000.00",2022-08-16 09:59:30,银信金,12
"214808668338786353",1790,"6000.00",2022-08-16 10:15:50,银信金,12
"214838691498168325",1885,"3000.00",2022-08-16 12:14:39,银信金,12
"214871261661237333",1839,"3000.00",2022-08-16 14:23:31,银信金,12
"215043293724151901",1962,"3000.00",2022-08-17 01:50:32,银信金,12
"215049817649451056",26,"100.00",2022-08-17 02:11:40,灰度测试,6
"215124035833565188",2175,"1000.00",2022-08-17 07:08:50,银信金,6
"215130251762733133",1006,"3000.00",2022-08-17 07:31:25,银信金,12
"215153123281473617",2214,"2000.00",2022-08-17 09:04:31,银信金,12
"215208098904805404",2024,"3000.00",2022-08-17 12:48:16,银信金,6
"215210612538609707",1006,"1000.00",2022-08-17 12:50:50,银信金,12
"215215900939391001",1006,"1000.00",2022-08-17 13:11:38,银信金,12
"215422913925484562",2336,"5000.00",2022-08-18 02:56:07,银信金,6
"215435435793584137",2354,"3000.00",2022-08-18 03:48:56,银信金,12
"215441177900617750",2371,"1500.00",2022-08-18 04:08:48,银信金,12
"215442623345856572",2376,"8000.00",2022-08-18 04:17:06,银信金,12
"215444234659041313",2380,"14000.00",2022-08-18 04:20:59,银信金,12
"215447472342962255",2383,"10000.00",2022-08-18 04:35:43,银信金,12
"215460380435157018",2408,"6000.00",2022-08-18 05:27:01,银信金,12
"215468274568269893",2435,"3000.00",2022-08-18 05:57:35,银信金,6
"215470848541331497",2449,"4000.00",2022-08-18 06:10:14,银信金,12
"215474178348945461",2435,"3000.00",2022-08-18 06:17:49,银信金,12
"215474706487316552",2461,"1000.00",2022-08-18 07:00:05,银信金,12
"215475993379475460",2460,"3000.00",2022-08-18 06:28:28,银信金,6
"215478973482799197",2468,"3000.00",2022-08-18 06:39:15,银信金,12
"215481380296069219",2481,"9000.00",2022-08-18 06:48:37,银信金,12
"215484560954232882",2477,"1000.00",2022-08-18 07:02:53,银信金,12
"215485034747007050",2435,"3000.00",2022-08-18 07:01:00,银信金,12
"215487872843780146",803,"1000.00",2022-08-18 07:12:28,银信金,6
"215492277492125760",2515,"6000.00",2022-08-18 07:35:20,银信金,6
"215494005872529447",2511,"4000.00",2022-08-18 07:41:39,银信金,12
"215494213540909065",2522,"3000.00",2022-08-18 07:41:24,银信金,12
"215506473382449206",2549,"8000.00",2022-08-18 08:28:20,银信金,12
"215529361388998666",2603,"9000.00",2022-08-18 09:58:47,银信金,12
"215545323932749824",2610,"3000.00",2022-08-18 11:04:24,银信金,6
"215551000503783472",2631,"5000.00",2022-08-18 11:24:50,银信金,12
"215560770543554590",2646,"11000.00",2022-08-18 12:05:10,银信金,12
"215591491953889327",2580,"1000.00",2022-08-18 14:07:13,银信金,6
"215594719101718533",2683,"6000.00",2022-08-18 14:27:52,银信金,12
"215611233099976748",2694,"7000.00",2022-08-18 15:26:39,银信金,12
"215785759104438276",2848,"3000.00",2022-08-19 03:02:47,银信金,12
"215790862129565703",2894,"6000.00",2022-08-19 03:19:51,银信金,12
"215795818731540537",2912,"10000.00",2022-08-19 03:40:36,银信金,12
"215800604851834916",2943,"4000.00",2022-08-19 03:56:44,银信金,12
"215804313258299483",2950,"6000.00",2022-08-19 04:13:03,银信金,12
"215822301688631392",3027,"6000.00",2022-08-19 05:26:17,银信金,12
"215828809470054410",3043,"6000.00",2022-08-19 05:52:54,银信金,12
"215832818754916418",2950,"2000.00",2022-08-19 06:03:02,银信金,12
"215838850621247558",3083,"3000.00",2022-08-19 06:30:15,银信金,12
"215850306737672200",3097,"6000.00",2022-08-19 07:20:06,银信金,6
"215852694315864095",1783,"3000.00",2022-08-19 09:09:26,银信金,6
"215868052380717145",3185,"3000.00",2022-08-19 08:26:42,银信金,12
"215869975800451146",3191,"10000.00",2022-08-19 08:32:14,银信金,12
"215872742564696118",3210,"10000.00",2022-08-19 08:45:23,银信金,12
"215873857385533496",3165,"10000.00",2022-08-19 08:48:52,银信金,12
"215874719038181381",2794,"5000.00",2022-08-19 08:50:53,银信金,12
"215903448925868053",1903,"2000.00",2022-08-19 10:46:56,银信金,12
"215911629659967490",2920,"5000.00",2022-08-20 06:32:23,银信金,12
"215942634924019781",2650,"3000.00",2022-08-19 13:20:33,银信金,12
"215945535520116803",3332,"3000.00",2022-08-19 13:33:42,银信金,12
"215980146174332941",1037,"2000.00",2022-08-19 15:48:32,银信金,12
"216135816995541057",3397,"3000.00",2022-08-20 02:08:52,银信金,12
"216143085934088204",3459,"3000.00",2022-08-20 02:40:39,银信金,6
"216143349697089538",2941,"4000.00",2022-08-20 06:18:44,银信金,12
"216143724906942493",3405,"3000.00",2022-08-20 02:43:38,银信金,12
"216155604341887056",1545,"3000.00",2022-08-20 03:28:18,银信金,6
"216160398053871657",2627,"10000.00",2022-08-20 03:48:21,银信金,12
"216172596352389176",3572,"3000.00",2022-08-20 04:34:11,银信金,12
"216173792546918473",3582,"3000.00",2022-08-20 04:44:27,银信金,6
"216173793008291874",2730,"4000.00",2022-08-20 04:40:58,银信金,6
"216189757041020997",1006,"3000.00",2022-08-20 05:41:27,银信金,12
"216203160505684067",3665,"3000.00",2022-08-20 06:39:46,银信金,12
"216211060640845841",3701,"12000.00",2022-08-20 07:07:36,银信金,12
"216217588194218005",3726,"10000.00",2022-08-20 07:33:49,银信金,12
"216218480247181391",3725,"5000.00",2022-08-20 07:36:39,银信金,12
"216219691532816476",3730,"3000.00",2022-08-20 07:45:53,银信金,12
"216225926613176340",3748,"3000.00",2022-08-20 08:08:44,银信金,6
"216233760402837568",3772,"3000.00",2022-08-20 08:38:09,银信金,12
"216248588257333284",3812,"5000.00",2022-08-20 09:37:03,银信金,12
"216251753677590577",3817,"3000.00",2022-08-20 09:50:43,银信金,6
"216257666656374822",3840,"3000.00",2022-08-20 10:18:11,银信金,12
"216267236376186946",3852,"1000.00",2022-08-20 10:58:49,银信金,12
"216271077628842062",3852,"2000.00",2022-08-20 11:04:48,银信金,12
"216278257283240035",3876,"5000.00",2022-08-20 11:38:00,银信金,6
"216304763183173707",3874,"3000.00",2022-08-20 13:22:56,银信金,12
"216306580059197476",3164,"3000.00",2022-08-20 13:27:18,银信金,12
"216318090181480458",3104,"7000.00",2022-08-20 14:17:17,银信金,12
"216493863366430749",3959,"5000.00",2022-08-21 01:52:45,银信金,12
"216498426844680202",2660,"3000.00",2022-08-21 02:08:22,银信金,12
"216502596934963230",3982,"8000.00",2022-08-21 02:31:11,银信金,12
"216521934106660928",4037,"3000.00",2022-08-21 03:42:59,银信金,12
"216535001255251974",4068,"3000.00",2022-08-21 10:13:24,银信金,6
"216568216363864090",4102,"6000.00",2022-08-21 06:53:33,银信金,12
"216576458032812032",4108,"7000.00",2022-08-21 07:19:58,银信金,12
"216586357181648976",4116,"4000.00",2022-08-21 07:58:10,银信金,12
"216657647762542607",4171,"7000.00",2022-08-21 12:42:53,银信金,12
"216684230330159111",1037,"1000.00",2022-08-21 14:26:08,银信金,12
"216752978344939522",2175,"1000.00",2022-08-21 18:59:42,银信金,6
"216869378057179156",2876,"5000.00",2022-08-22 02:43:16,银信金,12
"216873711385579533",4275,"3000.00",2022-08-22 03:00:09,银信金,12
"216883845734207584",4232,"8000.00",2022-08-22 03:48:13,银信金,6
"216889157446930512",4312,"5000.00",2022-08-22 04:03:06,银信金,12
"216903574842642485",4341,"6000.00",2022-08-22 05:01:59,银信金,12
"216928119632826375",4405,"3000.00",2022-08-22 06:38:52,银信金,12
"216932324988817410",3666,"3000.00",2022-08-22 07:25:27,银信金,6
"216940662183039040",4279,"3000.00",2022-08-22 07:29:53,银信金,12
"216941033446051905",4453,"6000.00",2022-08-22 07:31:18,银信金,12
"216949522440523843",4444,"3000.00",2022-08-22 08:04:08,银信金,12
"216965499928580171",4536,"3000.00",2022-08-22 09:13:01,银信金,6
"216967832481697842",4553,"3000.00",2022-08-22 09:15:57,银信金,12
"216970335432609838",4531,"3000.00",2022-08-22 09:23:54,银信金,12
"216973515054780480",4568,"3000.00",2022-08-22 09:41:52,银信金,6
"217027352998318093",4631,"15000.00",2022-08-22 13:11:34,银信金,12
"217192207441072153",1370,"7000.00",2022-08-23 00:06:10,银信金,12
"217206669833277465",4111,"3000.00",2022-08-23 01:04:48,银信金,12
"217222107250167865",4682,"5000.00",2022-08-23 02:04:56,银信金,12
"217226371288666198",4688,"3000.00",2022-08-23 02:26:19,银信金,12
"217233235103584332",4697,"7000.00",2022-08-23 02:50:10,银信金,12
"217236781811240979",3978,"5000.00",2022-08-23 03:16:23,银信金,12
"217248254037987341",4743,"8000.00",2022-08-23 03:52:49,银信金,12
"217259416360194117",4764,"3000.00",2022-08-23 04:42:47,银信金,6
"217262494970941440",4785,"3000.00",2022-08-23 04:49:46,银信金,6
"217286589053800513",3931,"3000.00",2022-08-23 06:25:49,银信金,12
"217316033088852042",4907,"11000.00",2022-08-23 08:22:08,银信金,12
"217325949241397347",4925,"7000.00",2022-08-23 09:08:16,银信金,12
"217329376679825409",4946,"3000.00",2022-08-23 09:11:21,银信金,12
"217377318723784788",5000,"3000.00",2022-09-01 00:19:40,银信金,12
"217383370437562443",4987,"5000.00",2022-08-23 12:46:40,银信金,12
"217388504236298269",4987,"3000.00",2022-08-23 13:04:53,银信金,12
"217391100191707217",5023,"2000.00",2022-08-23 13:18:56,银信金,12
"217504974727417894",2580,"1000.00",2022-08-23 20:47:41,银信金,6
"217556372882067530",5056,"6000.00",2022-08-24 00:13:50,银信金,12
"217584459170582577",5013,"3000.00",2022-08-24 03:08:29,银信金,6
"217596097030393863",4527,"3000.00",2022-08-24 02:54:07,银信金,12
"217603900474265621",5117,"4000.00",2022-08-24 03:22:50,银信金,12
"217610942404497475",3893,"7000.00",2022-08-24 03:51:14,银信金,12
"217618919576440843",2371,"1500.00",2022-08-24 04:20:20,银信金,12
"217653396516245559",5213,"4000.00",2022-08-24 06:47:06,银信金,12
"217665024515248208",5252,"6000.00",2022-08-24 07:24:23,银信金,12
"217672441068130384",5264,"6000.00",2022-08-24 08:04:23,银信金,12
"217674649809588278",5274,"5000.00",2022-08-24 08:04:46,银信金,12
"217681514236874802",5194,"3000.00",2022-08-24 08:31:41,银信金,6
"217691618331988065",5321,"11000.00",2022-08-24 09:15:54,银信金,12
"217692115872911384",5301,"15000.00",2022-08-24 09:18:51,银信金,12
"217692748021633101",5317,"12000.00",2022-08-24 09:17:55,银信金,12
"217693149475246152",5327,"7000.00",2022-08-24 09:18:09,银信金,12
"217704059333906442",5353,"5000.00",2022-08-24 10:03:02,银信金,12
"217707976402800725",2596,"5000.00",2022-08-24 10:19:01,银信金,12
"217717559812820996",5371,"3000.00",2022-08-24 10:56:56,银信金,12
"217745615940096063",5414,"1000.00",2022-08-24 12:45:40,银信金,12
"217761836911693826",5437,"11000.00",2022-08-24 13:49:31,银信金,12
"217762625646366780",4345,"1000.00",2022-08-24 13:53:14,银信金,6
"217956909154701395",4299,"4000.00",2022-08-25 02:44:00,银信金,6
"217963867555368968",5506,"8000.00",2022-08-25 03:10:56,银信金,12
"217979314812096525",5525,"4000.00",2022-08-25 04:12:36,银信金,12
"218026835466915873",1889,"1000.00",2022-08-25 07:21:21,银信金,12
"218030663851446365",5614,"9000.00",2022-08-25 07:37:21,银信金,12
"218037194122727428",5622,"8000.00",2022-08-25 08:02:22,银信金,6
"218040027614154822",5621,"5000.00",2022-08-25 08:13:42,银信金,12
"218041105646751788",2477,"5000.00",2022-08-25 08:17:50,银信金,12
"218068097674907706",5679,"3000.00",2022-08-25 10:05:36,银信金,12
"218103799078850610",5709,"3000.00",2022-08-25 12:27:12,银信金,12
"218109882920996939",5526,"11000.00",2022-08-25 12:51:21,银信金,12
"218303192608411682",5753,"5000.00",2022-08-26 01:39:24,银信金,6
"218360430580600930",5827,"3000.00",2022-08-26 05:30:30,银信金,12
"218405760684658707",5903,"3000.00",2022-08-26 10:33:45,银信金,12
"218421839620345955",1528,"1000.00",2022-08-26 09:30:45,银信金,12
"218460447819567125",1449,"2000.00",2022-08-26 12:04:39,银信金,6
"218686343037980703",6000,"3000.00",2022-08-27 03:01:53,银信金,6
"218701799689949212",6017,"6000.00",2022-08-27 04:03:36,银信金,6
"218711396672737295",5740,"8000.00",2022-08-27 04:41:25,银信金,12
"218724535913025567",6047,"11000.00",2022-08-27 05:34:20,银信金,12
"218739687794282513",6068,"3000.00",2022-08-27 06:33:53,银信金,6
"218802279770361949",6148,"2000.00",2022-08-27 10:42:46,银信金,12
"218809573958619173",2794,"6000.00",2022-08-27 11:11:44,银信金,12
"219067813934010430",2532,"11000.00",2022-08-28 04:17:44,银信金,6
"219077195031777297",6202,"4000.00",2022-08-28 04:54:59,银信金,12
"219158334991896590",3888,"3000.00",2022-08-28 10:17:57,银信金,12
"219405972345589829",6267,"6000.00",2022-08-29 02:41:19,银信金,12
"219412984169107471",4906,"9000.00",2022-08-29 03:09:20,银信金,12
"219421092463382534",6281,"9000.00",2022-08-29 03:41:46,银信金,12
"219433957677207623",5255,"3000.00",2022-08-29 04:36:44,银信金,6
"219441219254751258",2417,"1500.00",2022-08-29 05:01:34,银信金,12
"219448381326626828",6320,"6000.00",2022-08-29 05:29:53,银信金,12
"219468889849991208",4102,"1500.00",2022-08-29 06:51:39,银信金,12
"219469020846493782",2239,"5000.00",2022-08-29 06:51:59,银信金,12
"219479836656275541",6381,"15000.00",2022-08-29 07:35:01,银信金,12
"219799102572072972",3586,"5000.00",2022-08-30 04:45:37,银信金,12
"219852640945836111",6591,"3000.00",2022-08-30 08:16:14,银信金,12
"219864855438561333",6477,"4000.00",2022-08-30 09:04:56,银信金,12
"219894329420943433",6198,"3000.00",2022-08-30 11:02:29,银信金,12
"219908965092429840",6148,"1000.00",2022-08-30 12:00:21,银信金,12
"219981151190782046",6664,"5000.00",2022-08-30 16:46:59,银信金,12
"220096652487299155",6226,"3000.00",2022-08-31 00:25:56,银信金,6
"220117327558086695",5854,"7000.00",2022-08-31 01:48:17,银信金,12
"220146398329442374",6683,"3000.00",2022-08-31 03:44:01,银信金,12
"220176998713135126",4682,"1500.00",2022-08-31 05:45:05,银信金,6
"220189773787172893",6764,"10000.00",2022-08-31 06:35:56,银信金,12
"220204688023359540",4458,"3000.00",2022-08-31 07:38:03,银信金,6
"220238859437477923",5081,"3000.00",2022-08-31 09:51:00,银信金,6
"220239535190183995",6829,"4000.00",2022-08-31 09:53:49,银信金,12
"220242366492184671",6834,"4000.00",2022-08-31 10:04:52,银信金,6
"220276746652618841",2214,"4000.00",2022-08-31 12:21:40,银信金,12
"220294438793121850",6861,"3000.00",2022-08-31 13:31:55,银信金,12
"220307621343793231",6179,"3000.00",2022-08-31 14:24:24,银信金,6
"220486447206109223",6668,"3000.00",2022-09-01 02:15:07,银信金,6
"220514355333173299",6972,"3000.00",2022-09-01 04:05:57,银信金,12
"220525596101447750",6994,"3000.00",2022-09-01 04:50:22,银信金,6
"220532786744922200",7006,"10000.00",2022-09-01 05:19:37,银信金,12
"220544019636293709",5397,"6000.00",2022-09-01 06:07:55,银信金,12
"220565590631387189",2267,"1000.00",2022-09-01 07:29:22,银信金,6
"220565949156298833",2267,"1000.00",2022-09-01 07:30:46,银信金,12
"220578950257184821",7087,"3000.00",2022-09-01 08:22:44,银信金,6
"220657969950494793",26,"1100.00",2022-09-01 13:36:23,灰度测试,6
"220878224832467015",7320,"10000.00",2022-09-02 04:11:30,银信金,12
"220896093867741251",7179,"3000.00",2022-09-02 05:23:25,银信金,12
"221023645303181371",7538,"4000.00",2022-09-02 13:49:39,银信金,6
"221216437396705305",7709,"3000.00",2022-09-03 02:35:58,银信金,6
"221278941078491229",7813,"9000.00",2022-09-03 10:18:06,银信金,12
"221344202443853838",7879,"8000.00",2022-09-03 11:03:37,银信金,6
"221487884555915285",4800,"2000.00",2022-09-03 20:34:12,银信金,6
"221569709273911350",2175,"1000.00",2022-09-04 01:59:25,银信金,6
"221590206447489058",2267,"1000.00",2022-09-04 03:20:50,银信金,12
"221613341121056796",8079,"3000.00",2022-09-04 04:52:46,银信金,6
"221769204213354534",8162,"3000.00",2022-09-04 15:12:16,银信金,12
"221879724958421075",8172,"3000.00",2022-09-04 22:31:27,银信金,12
"221936357927424013",8199,"8000.00",2022-09-05 02:16:33,银信金,12
"221993912615702581",8030,"3000.00",2022-09-05 06:05:03,银信金,12
"222024385463193654",8358,"5000.00",2022-09-05 14:18:14,银信金,6
"222052427984146455",3697,"3000.00",2022-09-05 09:57:44,银信金,12
"222053107985682438",3697,"1000.00",2022-09-05 10:00:26,银信金,12
"222129670643126369",7199,"3000.00",2022-09-05 15:04:30,银信金,6
"222303820649205807",8542,"3000.00",2022-09-06 02:36:29,银信金,12
"222305958146215995",8548,"15000.00",2022-09-06 02:44:56,银信金,6
"222366470099832904",8658,"3000.00",2022-09-06 06:45:35,银信金,6
"222398283635625993",8709,"1000.00",2022-09-06 08:51:40,银信金,6
"222402592104386627",8326,"4000.00",2022-09-06 09:09:06,银信金,6
"222404167837290572",1037,"1000.00",2022-09-06 09:15:33,银信金,12
"222415495930974291",3087,"9000.00",2022-09-06 10:02:34,银信金,12
"222452038833934367",8767,"3000.00",2022-09-06 12:26:50,银信金,12
"222462976224006209",2461,"1000.00",2022-09-06 13:08:53,银信金,12
"222471176855883840",7106,"10000.00",2022-09-06 13:41:49,银信金,12
"222480894684958763",8788,"3000.00",2022-09-06 14:20:17,银信金,6
"222635100578385984",8787,"9000.00",2022-09-07 00:33:01,银信金,12
"222696357994041372",9003,"3000.00",2022-09-07 04:36:35,银信金,12
"222808693627031553",8602,"3000.00",2022-09-07 12:02:37,银信金,6
"222827839995646017",6377,"6000.00",2022-09-07 13:19:34,银信金,12
"222830173714780218",8791,"5000.00",2022-09-07 13:28:14,银信金,6
"223099122582949955",9338,"6000.00",2022-09-08 07:59:04,银信金,12
"223110331579371542",9353,"10000.00",2022-09-08 08:01:36,银信金,12
"223158290069196846",9278,"7500.00",2022-09-08 11:13:25,银信金,12
"223396157039185947",9353,"3000.00",2022-09-09 02:57:07,银信金,12
"223399629973229576",9607,"3000.00",2022-09-09 03:10:49,银信金,12
"223415911229558831",4030,"1500.00",2022-09-09 04:15:37,银信金,6
"223423927374975005",9658,"7000.00",2022-09-09 04:48:15,银信金,12
"223543221698039900",9833,"6000.00",2022-09-09 12:44:26,银信金,12
"223593586975969305",9854,"3000.00",2022-09-09 16:01:35,银信金,6
"223733695134175246",8950,"4000.00",2022-09-10 01:18:52,银信金,12
"223757594475499567",9943,"3000.00",2022-09-10 02:53:14,银信金,12
"223831181559468042",10028,"3000.00",2022-09-10 07:46:07,银信金,12
"223845301310591001",10036,"1000.00",2022-09-10 08:41:56,银信金,12
"224170701324685391",10151,"4000.00",2022-09-11 06:17:36,银信金,12
"224201012221710433",9485,"4000.00",2022-09-11 08:15:50,银信金,12
"224532203986620466",10197,"12000.00",2022-09-12 06:11:27,银信金,12
"224669166853034028",10216,"3000.00",2022-09-12 15:15:26,银信金,12
"224930402450673674",10251,"3000.00",2022-09-13 08:33:33,银信金,6
"224968991372873744",6951,"100.00",2022-09-13 11:06:53,灰度测试,6
"224969522577281080",6951,"100.00",2022-09-13 11:09:35,灰度测试,6
"225235820066508890",8923,"3000.00",2022-09-14 04:47:11,银信金,6
"225270933307396135",10187,"4000.00",2022-09-14 07:07:31,银信金,6
"225273746905239647",10187,"4000.00",2022-09-14 07:18:07,银信金,6
"225297493515178078",10151,"4000.00",2022-09-14 08:52:40,银信金,12
"225367642763038752",4682,"1500.00",2022-09-14 13:31:08,银信金,12
"225546900047269916",921,"3000.00",2022-09-15 01:23:32,银信金,12
"225563817428521024",10337,"4000.00",2022-09-15 02:30:26,银信金,12
"225728476626423834",9071,"3000.00",2022-09-15 13:27:14,银信金,6
"225887895393800216",2175,"1000.00",2022-09-15 23:58:29,银信金,6
"226285046070382611",10440,"6000.00",2022-09-17 02:16:27,银信金,6
"226296155808600085",8709,"2000.00",2022-09-17 03:00:29,银信金,12
"226317659829047311",5772,"3000.00",2022-09-17 07:10:20,银信金,12
"226362727579389993",10464,"6000.00",2022-09-17 07:25:25,银信金,12
"227022060004708412",10499,"11000.00",2022-09-19 03:04:57,银信金,12
"227907962084135008",1047,"3000.00",2022-09-21 13:45:42,银信金,12
"228185701131358287",27,"100.00",2022-09-22 08:10:04,灰度测试,6
"228254157386158176",6951,"100.00",2022-09-22 12:41:01,灰度测试,6
"228554639140851797",10682,"10000.00",2022-09-23 08:35:06,银信金,12
"228996577501515865",4800,"1000.00",2022-09-24 13:51:08,银信金,6
"229206047108239454",8950,"4000.00",2022-09-25 03:43:43,银信金,12
"229689974474281017",6951,"100.00",2022-09-26 11:46:54,灰度测试,12
"229690868980912184",6951,"100.00",2022-09-26 11:49:51,灰度测试,12
"229947810492059733",10036,"1000.00",2022-09-27 04:51:18,银信金,12
"230406499271315526",6951,"100.00",2022-09-28 11:13:35,灰度测试,6
"230640555531571221",10802,"100.00",2022-09-29 02:43:42,灰度测试,6
"230661252760866902",6421,"3000.00",2022-09-29 04:06:19,银信金,6
"230724171829743663",6951,"100.00",2022-09-29 08:16:26,灰度测试,6
"231071393272434689",10845,"3000.00",2022-09-30 07:15:41,银信金,6
"231135227530055770",10814,"3000.00",2022-09-30 11:37:00,银信金,6
"231173517457100803",5622,"1200.00",2022-09-30 14:01:36,银信金,12
"231238307453997129",5973,"6000.00",2022-09-30 18:19:31,银信金,6
"231442864758984774",2449,"4000.00",2022-10-01 07:51:49,银信金,12
"231853117359132727",7194,"1000.00",2022-10-02 11:02:26,银信金,12
"232866929365356630",2531,"5000.00",2022-10-05 06:11:05,银信金,6
"233285926950932501",5264,"2000.00",2022-10-06 09:55:53,银信金,12
"234282280720404522",10810,"3000.00",2022-10-09 03:54:46,银信金,12
"234343963069386766",10942,"3000.00",2022-10-09 07:59:59,银信金,12
"234388562081091590",6951,"100.00",2022-10-09 10:57:15,灰度测试,6
"234410352593473576",9389,"3000.00",2022-10-09 12:23:40,银信金,12
"234720212581224546",11092,"4000.00",2022-10-10 08:55:02,银信金,12
"234722267869876297",6951,"100.00",2022-10-10 09:03:17,灰度测试,6
"234722441300152334",6791,"3000.00",2022-10-10 13:36:33,银信金,12
"234757020480311358",11046,"7000.00",2022-10-10 11:21:24,银信金,12
"235442612524421168",10564,"3000.00",2022-10-12 10:47:55,银信金,12
"235459435064070228",6951,"100.00",2022-10-12 09:53:21,灰度测试,6
"235473280625152052",6951,"100.00",2022-10-12 10:48:28,灰度测试,6
"235844359663259698",6951,"100.00",2022-10-13 11:22:46,灰度测试,6
"236272749239210073",10036,"1000.00",2022-10-14 15:45:18,银信金,12
"236504565158121504",9724,"6000.00",2022-10-15 07:06:22,银信金,6
"237981261308760074",6951,"100.00",2022-10-19 08:54:01,灰度测试,6
"238383481678336084",6951,"100.00",2022-10-20 11:32:36,灰度测试,6
"238401059108819021",6951,"100.00",2022-10-20 12:42:44,银信金（自有风控1）,12
"238797139675844646",11268,"5000.00",2022-10-21 14:57:02,银信金（风擎1.0）,6
"239036344498786307",11400,"4000.00",2022-10-22 06:46:38,银信金（风擎1.0）,6
"239038693086728240",11402,"1000.00",2022-10-22 06:56:02,银信金（风擎1.0）,12
"239083341264064550",11430,"5000.00",2022-10-22 09:55:26,银信金,12
"239157952840339547",11305,"6000.00",2022-10-22 14:51:11,银信金,6
"239365130641608713",7194,"1000.00",2022-10-23 04:33:25,银信金,12
"239383460194684950",11478,"5500.00",2022-10-23 05:45:42,银信金（风擎1.0）,12
"239713850847531067",7194,"1000.00",2022-10-24 03:39:05,银信金,12
"239812243926159417",11612,"3000.00",2022-10-24 10:10:50,银信金（风擎1.0）,12
"239861797593681997",11644,"2000.00",2022-10-24 13:27:17,银信金（风擎1.0）,12
"239862684026277948",11644,"1000.00",2022-10-24 13:29:59,银信金（风擎1.0）,12
"240132919044214808",11339,"3000.00",2022-10-25 07:24:45,银信金（风擎1.0）,12
"240140074258403339",11776,"4500.00",2022-10-25 07:52:24,银信金（风擎1.0）,12
"240420980370051126",11862,"1000.00",2022-10-26 02:28:28,银信金,6
"240423196204077145",11885,"4500.00",2022-10-26 02:37:32,银信金（风擎1.0）,3
"240425461388283905",11703,"5000.00",2022-10-26 02:46:23,银信金（风擎1.0）,6
"240471825946120243",11970,"5500.00",2022-10-26 05:50:45,银信金（风擎1.0）,6
"240489813780860969",11922,"3000.00",2022-10-26 07:02:19,银信金（风擎1.0）,1
"240512384295374853",11791,"4000.00",2022-10-26 08:31:56,银信金（风擎1.0）,6
"240775607720480832",12103,"4500.00",2022-10-27 01:57:54,银信金（风擎1.0）,12
"240811639321006137",7194,"1000.00",2022-10-27 04:21:16,银信金（风擎1.0）,12
"240854374442733591",12230,"8000.00",2022-10-27 07:11:50,银信金（风擎1.0）,12
"240859860357484617",11924,"3500.00",2022-10-27 07:32:37,银信金（风擎1.0）,2
"240872347790348321",11629,"1000.00",2022-10-27 08:24:30,银信金（风擎1.0）,6
"240929196526932060",6951,"100.00",2022-10-27 12:08:08,灰度测试,12
"240929524081102858",12211,"6500.00",2022-10-27 12:12:17,银信金（风擎1.0）,6
"241137335213887532",12225,"1000.00",2022-10-28 01:55:11,银信金（风擎1.0）,6
"241151024625225790",11074,"6000.00",2022-10-28 02:49:55,银信金,12
"241196324354134103",11933,"3000.00",2022-10-28 05:49:33,银信金（风擎1.0）,3
"241198654663299149",12336,"3000.00",2022-10-28 05:59:50,银信金（风擎1.0）,12
"241289817990762554",12512,"3000.00",2022-10-28 12:01:07,银信金（风擎1.0）,12
"241500029544697864",12549,"3500.00",2022-10-29 01:56:20,银信金（风擎1.0）,1
"241527445579239487",12336,"5000.00",2022-10-29 03:46:07,银信金（风擎1.0）,12
"241983695303610441",12336,"2000.00",2022-10-30 09:58:42,银信金（风擎1.0）,12
"242213267190190090",11339,"1000.00",2022-10-31 01:10:42,银信金（风擎1.0）,12
"242294800886403110",12855,"3000.00",2022-10-31 06:37:52,银信金（风擎1.0）,3
"242336418423246890",12888,"2000.00",2022-10-31 09:20:09,银信金（风擎1.0）,12
"242582520544235583",12800,"5000.00",2022-11-01 01:37:41,银信金（风擎1.0）,3
"242661485967446028",13006,"3500.00",2022-11-01 06:51:40,银信金（风擎1.0）,3
"242716968782794851",11402,"1000.00",2022-11-01 10:32:05,银信金（风擎1.0）,12
"242729227613507621",6951,"100.00",2022-11-01 11:20:44,灰度测试,6
"242792357299359765",11953,"1000.00",2022-11-01 15:33:38,银信金（风擎1.0）,1
"242949429529808913",12888,"4000.00",2022-11-02 01:56:06,银信金（风擎1.0）,12
"242954100084445195",7194,"1000.00",2022-11-02 02:15:09,银信金（风擎1.0）,12
"243110571644424278",6951,"100.00",2022-11-02 12:36:05,灰度测试,6
"243341086502817796",11860,"2000.00",2022-11-03 03:52:03,银信金（风擎1.0）,1
"243412349111898208",13325,"1000.00",2022-11-03 08:36:12,银信金（风擎1.0）,1
"243442056209502298",13430,"5000.00",2022-11-03 10:33:29,银信金（风擎1.0）,3
"243718959545847843",11629,"1000.00",2022-11-04 04:54:03,银信金（风擎1.0）,12
"243825197529042980",13624,"5000.00",2022-11-04 11:55:54,银信金（风擎1.0）,3
"243860892129824835",13638,"1000.00",2022-11-04 14:17:54,银信金（风擎1.0）,6
"243871942199873631",13638,"1000.00",2022-11-04 15:01:36,银信金（风擎1.0）,6
"243910174639788116",13638,"1000.00",2022-11-04 17:33:20,银信金（风擎1.0）,6
"244032831095967825",13649,"5000.00",2022-11-05 01:43:06,银信金（风擎1.0）,3
"244887058471063569",7714,"3000.00",2022-11-07 10:15:39,银信金（风擎1.0）,12
"244937081003053133",14071,"9000.00",2022-11-07 13:33:48,银信金（风擎1.0）,12
"245138068498157617",13183,"4000.00",2022-11-08 02:53:39,银信金（风擎1.0）,3
"245209032758005807",8936,"1200.00",2022-11-08 07:34:42,银信金（风擎1.0）,12
"245209669486907439",14194,"3500.00",2022-11-08 07:37:20,银信金（风擎1.0）,3
"245257557520814152",14234,"3500.00",2022-11-08 10:47:19,银信金（风擎1.0）,3
"245269041801990207",6951,"100.00",2022-11-08 11:33:02,灰度测试,6
"245489128379125797",11422,"10000.00",2022-11-09 02:08:01,银信金（风擎1.0）,12
"245510409669447761",11714,"3000.00",2022-11-09 03:32:21,银信金（风擎1.0）,3
"245545898447343666",14314,"5000.00",2022-11-09 05:54:15,银信金（风擎1.0）,3
"245641655787589652",8052,"1000.00",2022-11-09 12:14:10,银信金（风擎1.0）,12
"245947368623706134",14541,"10000.00",2022-11-10 08:28:40,银信金（风擎1.0）,12
"246208964369453139",7194,"1000.00",2022-11-11 01:48:19,银信金（风擎1.0）,12
"246321483113173043",14762,"1000.00",2022-11-11 09:15:52,银信金（风擎1.0）,1
"246356140483547142",8936,"1000.00",2022-11-11 11:32:52,银信金（风擎1.0）,6
"246358250247819333",6951,"100.00",2022-11-11 11:41:12,灰度测试,6
"246598651378536449",14845,"1000.00",2022-11-12 03:36:44,银信金（风擎1.0）,1
"246610247815401493",14845,"1000.00",2022-11-12 04:22:49,银信金（风擎1.0）,1
"246611069865431064",14855,"3000.00",2022-11-12 04:27:29,银信金（风擎1.0）,1
"246620209350316056",14501,"3000.00",2022-11-12 05:03:11,银信金（风擎1.0）,1
"246646601798520855",11268,"1000.00",2022-11-12 06:47:10,银信金（风擎1.0）,6
"246686042630000709",14934,"9500.00",2022-11-12 09:24:06,银信金（风擎1.0）,12
"246698564586180642",14943,"3500.00",2022-11-12 10:16:06,银信金（风擎1.0）,1
"246767923702665264",14970,"8000.00",2022-11-12 14:49:48,银信金（风擎1.0）,12
"246976227347402825",14745,"1000.00",2022-11-13 04:36:54,银信金（风擎1.0）,1
"247058823968329779",10151,"1100.00",2022-11-13 10:05:41,银信金（风擎1.0）,12
"247114748343226401",12559,"1000.00",2022-11-13 13:47:29,银信金（风擎1.0）,6
"247147045440327775",13183,"1000.00",2022-11-13 15:55:37,银信金（风擎1.0）,1
"247190415772618839",11953,"1000.00",2022-11-13 18:47:52,银信金（风擎1.0）,1
"247254882682277952",8791,"1500.00",2022-11-13 23:04:15,银信金（风擎1.0）,6
"247322523249807412",15056,"1000.00",2022-11-14 03:32:49,银信金（风擎1.0）,6
"247391339916955695",15161,"5000.00",2022-11-14 08:06:14,银信金（风擎1.0）,1
"247410523606487086",14845,"2000.00",2022-11-14 09:23:16,银信金（风擎1.0）,1
"247680896013045762",15248,"5000.00",2022-11-15 03:17:13,银信金（风擎1.0）,1
"247714825105444882",15292,"4500.00",2022-11-15 05:31:44,银信金（风擎1.0）,6
"248202242199523394",15553,"1000.00",2022-11-16 13:48:40,银信金（风擎1.0）,1
"248327629915164756",11953,"1000.00",2022-11-16 22:06:44,银信金（风擎1.0）,1
"248471298492207109",14762,"1000.00",2022-11-17 07:37:41,银信金（风擎1.0）,1
"248595844708831317",15056,"1000.00",2022-11-17 15:52:32,银信金（风擎1.0）,6
"248796597658456157",15813,"5000.00",2022-11-18 05:10:24,银信金（风擎1.0）,1
"248818608933834817",15011,"3000.00",2022-11-18 06:38:02,银信金（风擎1.0）,1
"248828727390244887",15835,"7000.00",2022-11-18 07:18:26,银信金（风擎1.0）,6
"248838519441723480",15843,"3000.00",2022-11-18 07:56:56,银信金（风擎1.0）,1
"248845737834713089",15644,"3000.00",2022-11-18 08:25:51,银信金（风擎1.0）,1
"249194554132140091",15958,"1000.00",2022-11-19 07:31:46,银信金（风擎1.0）,1
"249492564267372574",15958,"1000.00",2022-11-20 03:15:59,银信金（风擎1.0）,1
"249522398393667651",12559,"1000.00",2022-11-20 05:15:35,银信金（风擎1.0）,12
"249535577496621144",15958,"1000.00",2022-11-20 06:06:59,银信金（风擎1.0）,1
"249614504932020281",11402,"1000.00",2022-11-20 11:20:18,银信金（风擎1.0）,12
"249849421817319445",15217,"1500.00",2022-11-21 02:56:05,银信金（风擎1.0）,1
"249913177154916373",14276,"9500.00",2022-11-21 07:08:01,银信金（风擎1.0）,12
"249938811923075168",9353,"1900.00",2022-11-21 08:49:10,银信金（风擎1.0）,6
"249982458097963094",16167,"3000.00",2022-11-21 11:42:27,银信金,6
"250153714348855312",16415,"5000.00",2022-11-21 23:03:22,银信金（风擎1.0）,12
"250250799945486361",16566,"4000.00",2022-11-22 05:28:44,银信金（风擎1.0）,12
"250266871083962420",16641,"10000.00",2022-11-22 06:32:39,银信金【限1期】（风擎1.0）,1
"250275652538863646",15223,"6500.00",2022-11-22 07:07:56,银信金（风擎1.0）,6
"250305668400156674",16828,"5000.00",2022-11-22 09:07:16,银信金【限1期】（风擎1.0）,1
"250322852933406723",14762,"1000.00",2022-11-22 10:15:05,银信金（风擎1.0）,1
"250375279942439000",16986,"5000.00",2022-11-22 13:43:44,银信金（风擎1.0）,1
"250577774560022575",17112,"10000.00",2022-11-23 03:08:14,银信金（风擎1.0）,12
"250579438482362381",17108,"3000.00",2022-11-23 03:15:24,银信金（风擎1.0）,1
"250616912587919441",17245,"1000.00",2022-11-23 05:46:49,银信金（风擎1.0）,1
"250663588128231434",11629,"1000.00",2022-11-23 08:49:12,银信金（风擎1.0）,12
"250771546895945767",14383,"3000.00",2022-11-23 15:57:59,银信金（风擎1.0）,1
"250918426166562835",11703,"1000.00",2022-11-24 01:41:57,银信金（风擎1.0）,6
"250940462104449082",16058,"1000.00",2022-11-24 03:09:49,银信金（风擎1.0）,1
"250941609603108957",16691,"5000.00",2022-11-24 03:13:53,银信金【限1期】（风擎1.0）,1
"250960511578017874",12292,"7000.00",2022-11-24 04:29:47,银信金（风擎1.0）,12
"251020767993663513",17475,"1000.00",2022-11-24 08:28:20,银信金（风擎1.0）,1
"251025849254547491",17738,"6500.00",2022-11-24 08:48:32,银信金（风擎1.0）,6
"251037005813780516",17778,"1000.00",2022-11-24 09:33:02,银信金（风擎1.0）,1
"251102598101340207",17778,"1000.00",2022-11-24 13:53:32,银信金（风擎1.0）,1
"251126050401161260",17778,"1000.00",2022-11-24 15:26:33,银信金（风擎1.0）,1
"251319187199365180",17999,"3000.00",2022-11-25 04:14:15,银信金（风擎1.0）,12
"251395077992222803",18161,"3000.00",2022-11-25 09:15:44,银信金（风擎1.0）,1
"252023205726916668",16031,"5000.00",2022-11-27 02:51:51,银信金（风擎1.0）,1
"252031812946235432",12000,"1100.00",2022-11-27 03:25:53,银信金（风擎1.0）,1
"252071124790284290",18805,"3500.00",2022-11-27 06:02:35,银信金（风擎1.0）,1
"252079998687645747",15011,"3000.00",2022-11-27 06:37:21,银信金（风擎1.0）,1
"252175008359649295",18548,"5500.00",2022-11-27 12:54:49,银信金（风擎1.0）,6
"252175635974328358",18515,"2000.00",2022-11-27 12:57:24,银信金（风擎1.0）,1
"252227399935201349",18515,"2500.00",2022-11-27 16:24:32,银信金（风擎1.0）,1
"252242475891167250",18932,"5000.00",2022-11-27 17:23:04,银信金【限1期】（风擎1.0）,1
"252379115712286791",7357,"5000.00",2022-11-28 02:26:15,银信金,6
"252388497082683442",18988,"9500.00",2022-11-28 03:03:21,银信金（风擎1.0）,12
"252754542364594226",19440,"9500.00",2022-11-29 03:17:41,银信金（风擎1.0）,12
"252755612310573093",19435,"1000.00",2022-11-29 03:23:09,银信金（风擎1.0）,1
"252776865780076551",19481,"3000.00",2022-11-29 04:46:33,银信金（风擎1.0）,1
"252789818243813475",19520,"4000.00",2022-11-29 05:39:44,银信金【限1期】（风擎1.0）,1
"252797105154953221",19547,"3000.00",2022-11-29 06:06:48,银信金（风擎1.0）,1
"252815636986728461",18304,"3500.00",2022-11-29 07:20:43,银信金（风擎1.0）,1
"252841147712540710",11860,"1000.00",2022-11-29 09:01:58,银信金（风擎1.0）,1
"252843975164170326",16784,"1000.00",2022-11-29 09:13:35,银信金（风擎1.0）,1
"252844606327230538",17106,"4000.00",2022-11-29 09:15:52,银信金（风擎1.0）,1
"252846276788490279",18517,"3000.00",2022-11-29 09:22:28,银信金（风擎1.0）,1
"252871517162049620",12549,"3500.00",2022-11-29 11:02:46,银信金（风擎1.0）,1
"253080288505237596",19832,"5000.00",2022-11-30 00:52:25,银信金（风擎1.0）,12
"253090387642683479",16784,"1000.00",2022-11-30 01:32:25,银信金（风擎1.0）,1
"253135131085246468",19884,"3000.00",2022-11-30 04:30:17,银信金（风擎1.0）,1
"253139564938530816",16784,"1000.00",2022-11-30 04:47:41,银信金（风擎1.0）,1
"253139761294872617",18515,"2000.00",2022-11-30 04:48:25,银信金（风擎1.0）,1
"253146399678533697",19919,"3000.00",2022-11-30 05:14:53,银信金（风擎1.0）,1
"253160806420713540",8326,"1200.00",2022-11-30 06:12:05,银信金（风擎1.0）,6
"253216373742899277",20058,"10000.00",2022-11-30 09:52:52,银信金（风擎1.0）,12
"253347906625605650",11953,"1000.00",2022-11-30 18:35:30,银信金（风擎1.0）,1
"253421237320159263",6994,"1400.00",2022-11-30 23:27:02,银信金（风擎1.0）,6
"253538644764266578",20412,"6000.00",2022-12-01 07:13:58,银信金（风擎1.0）,1
"253543749530030085",20506,"3500.00",2022-12-01 07:34:05,银信金【限1期】（风擎1.0）,1
"253550918249877532",20502,"4000.00",2022-12-01 08:02:38,银信金【限1期】（风擎1.0）,1
"253569280908595240",19502,"5000.00",2022-12-01 09:16:01,银信金【限1期】（风擎1.0）,1
"253588081754640467",20805,"4000.00",2022-12-01 10:32:01,银信金【限1期】（风擎1.0）,1
"253623777479495760",20872,"3500.00",2022-12-01 12:51:55,银信金【限1期】（风擎1.0）,1
"253677796721823753",20979,"3500.00",2022-12-01 16:29:30,银信金（风擎1.0）,1
"253804378698420311",21013,"3500.00",2022-12-02 00:49:34,银信金【限1期】（风擎1.0）,1
"253822842163040262",17475,"1000.00",2022-12-02 02:02:47,银信金（风擎1.0）,1
"253840145915187239",15217,"1000.00",2022-12-02 03:11:31,银信金（风擎1.0）,1
"253860790371749915",19052,"1000.00",2022-12-02 04:33:42,银信金（风擎1.0）,6
"253907047085641765",11365,"1000.00",2022-12-02 10:18:02,银信金（风擎1.0）,1
"253935447850487896",20638,"6000.00",2022-12-02 09:31:27,银信金【限1期】（风擎1.0）,1
"253952968381042733",19642,"1000.00",2022-12-02 10:41:41,银信金（风擎1.0）,1
"254162364260290590",13325,"1000.00",2022-12-03 00:32:00,银信金（风擎1.0）,1
"254276904239108179",13574,"3000.00",2022-12-03 08:07:23,银信金（风擎1.0）,1
"254286130395091016",21578,"6000.00",2022-12-03 08:44:01,银信金【限1期】（风擎1.0）,1
"254295052925407320",11402,"1100.00",2022-12-03 09:19:16,银信金（风擎1.0）,12
"254320677941809220",20896,"1000.00",2022-12-03 11:01:57,银信金（风擎1.0）,1
"254323902694690863",15553,"1000.00",2022-12-03 11:13:48,银信金（风擎1.0）,1
"254324020722405389",12211,"1000.00",2022-12-03 11:14:31,银信金（风擎1.0）,12
"254369363430346790",21690,"4000.00",2022-12-03 14:14:32,银信金（风擎1.0）,1
"254428348137213952",13006,"1100.00",2022-12-04 04:20:03,银信金（风擎1.0）,1
"254535429909516338",19676,"3500.00",2022-12-04 04:20:53,银信金（风擎1.0）,1
"254552501741817907",16784,"2000.00",2022-12-04 04:21:21,银信金（风擎1.0）,1
"254598952031227935",21835,"3000.00",2022-12-04 05:27:45,银信金（风擎1.0）,1
"254627057101836383",21726,"3000.00",2022-12-04 07:18:41,银信金（风擎1.0）,1
"254632422723948630",21790,"1000.00",2022-12-04 07:41:11,银信金（风擎1.0）,6
"254644673547735076",18653,"1000.00",2022-12-04 11:51:11,银信金（风擎1.0）,1
"254647795678580812",21718,"4000.00",2022-12-04 08:41:03,银信金（风擎1.0）,1
"254918517160284247",21695,"5000.00",2022-12-05 02:36:44,银信金（风擎1.0）,1
"254919368792739893",21545,"5000.00",2022-12-05 02:40:03,银信金（风擎1.0）,1
"254989673586364418",14879,"3000.00",2022-12-05 07:19:59,银信金（风擎1.0）,1
"255008526018154578",16586,"4500.00",2022-12-05 08:34:47,银信金【限1期】（风擎1.0）,1
"255025645560664111",22233,"3000.00",2022-12-05 09:42:37,银信金【限1期】（风擎1.0）,1
"255033424669184042",22258,"5000.00",2022-12-05 10:13:08,银信金【限1期】（风擎1.0）,1
"255056478715646017",22278,"1000.00",2022-12-05 11:44:57,银信金【限1期】（风擎1.0）,1
"255067656464502828",7199,"1000.00",2022-12-05 12:29:17,银信金（风擎1.0）,6
"255084073154908183",22343,"3000.00",2022-12-05 13:53:21,银信金（风擎1.0）,6
"255297233279389709",21781,"5000.00",2022-12-06 03:42:24,银信金（风擎1.0）,1
"255301276307427335",19502,"1000.00",2022-12-06 03:57:54,银信金【限1期】（风擎1.0）,1
"255317029484105827",22529,"3000.00",2022-12-06 05:00:42,银信金（风擎1.0）,1
"255431864813228048",22711,"5000.00",2022-12-06 12:36:38,银信金（风擎1.0）,1
"255590751059185703",22796,"3000.00",2022-12-06 23:07:42,银信金（风擎1.0）,1
"255606337222873163",15011,"3000.00",2022-12-07 00:09:45,银信金（风擎1.0）,1
"255642521303126028",15056,"1000.00",2022-12-07 02:33:44,银信金（风擎1.0）,12
"255647949244207169",22825,"3500.00",2022-12-07 02:55:19,银信金【限1期】（风擎1.0）,1
"255652240797339680",16058,"1000.00",2022-12-07 03:12:22,银信金（风擎1.0）,1
"255715767717335086",21873,"6000.00",2022-12-07 07:24:45,银信金（风擎1.0）,1
"255722850441367597",15553,"1000.00",2022-12-07 07:52:55,银信金（风擎1.0）,1
"255761733145202713",11629,"1000.00",2022-12-07 10:27:35,银信金（风擎1.0）,12
"255782103168454733",23197,"3000.00",2022-12-07 11:48:14,银信金（风擎1.0）,1
"255786166048133215",19301,"3000.00",2022-12-07 12:04:41,银信金（风擎1.0）,12
"256029976036511840",23249,"3000.00",2022-12-08 04:13:06,银信金（风擎1.0）,12
"256051613192556601",21545,"3000.00",2022-12-08 05:39:13,银信金（风擎1.0）,1
"256055638055063623",23459,"3000.00",2022-12-08 05:55:09,银信金（风擎1.0）,12
"256062898705666096",23479,"3000.00",2022-12-08 06:24:14,银信金（风擎1.0）,1
"256078342346903572",23523,"5000.00",2022-12-08 07:26:00,银信金（风擎1.0）,1
"256084158206578705",23544,"1000.00",2022-12-08 07:48:27,银信金（风擎1.0）,1
"256091177978302484",23560,"3000.00",2022-12-08 08:17:01,银信金（风擎1.0）,1
"256106530112409647",23609,"1000.00",2022-12-08 09:17:12,银信金（风擎1.0）,1
"256124182050508869",7457,"4200.00",2022-12-08 10:27:53,银信金（风擎1.0）,12
"256127527985221691",17248,"1000.00",2022-12-08 10:41:10,银信金（风擎1.0）,1
"256177022047490075",6951,"100.00",2022-12-08 13:57:19,灰度测试,6
"256367505377988628",20766,"3000.00",2022-12-09 02:35:12,银信金【限1期】（风擎1.0）,1
"256377234477158448",23699,"2000.00",2022-12-09 03:13:04,银信金（风擎1.0）,1
"256380457648787530",22905,"5000.00",2022-12-09 03:26:13,银信金（风擎1.0）,1
"256458281533444175",23949,"6000.00",2022-12-09 08:34:28,银信金,12
"256509420530438169",8936,"1400.00",2022-12-09 11:58:25,银信金,6
"256540893870428239",24007,"4000.00",2022-12-09 14:02:30,银信金【限1期】（风擎1.0）,1
"256715592516636678",23310,"1000.00",2022-12-10 01:36:38,银信金（风擎1.0）,12
"256812547322286130",24216,"8000.00",2022-12-10 08:02:03,银信金（风擎1.0）,12
"256812801694240794",23545,"2500.00",2022-12-10 08:02:47,银信金（风擎1.0）,1
"256970143626825731",14762,"1000.00",2022-12-10 18:28:03,银信金（风擎1.0）,1
"257050829880692786",5006,"3000.00",2022-12-10 23:49:08,银信金（风擎1.0）,1
"257126543619395598",12232,"2000.00",2022-12-11 04:49:36,银信金（风擎1.0）,1
"257177690455543903",24471,"3000.00",2022-12-11 08:12:57,银信金【限1期】（风擎1.0）,1
"257207512653238360",12559,"1000.00",2022-12-11 10:11:26,银信金（风擎1.0）,12
"257221795399209005",14762,"1000.00",2022-12-11 11:07:59,银信金（风擎1.0）,1
"257225191556517962",19052,"1000.00",2022-12-11 11:21:34,银信金（风擎1.0）,12
"257231273670611020",19877,"3000.00",2022-12-11 11:45:44,银信金（风擎1.0）,1
"257237533275066410",20868,"3000.00",2022-12-11 12:10:39,银信金（风擎1.0）,1
"257251722269954121",24537,"3000.00",2022-12-11 13:07:07,银信金（风擎1.0）,1
"257283006765600768",13183,"2200.00",2022-12-11 15:11:25,银信金（风擎1.0）,1
"257439234863009798",14501,"3000.00",2022-12-12 01:32:09,银信金（风擎1.0）,1
"257457709123768369",22840,"3000.00",2022-12-12 02:45:29,银信金（风擎1.0）,1
"257462074081415202",14845,"1000.00",2022-12-12 03:05:40,银信金（风擎1.0）,1
"257467119690715184",22562,"1000.00",2022-12-12 03:23:40,银信金（风擎1.0）,1
"257499132711800890",24668,"4000.00",2022-12-12 05:30:04,银信金（风擎1.0）,1
"257777152018223112",24824,"3000.00",2022-12-12 23:54:47,银信金（风擎1.0）,1
"257840566988050529",25045,"1000.00",2022-12-13 04:11:24,银信金（风擎1.0）,1
"257847236619276358",25054,"5000.00",2022-12-13 04:34:26,银信金（风擎1.0）,1
"257857415255560195",25083,"3000.00",2022-12-13 05:13:47,银信金（风擎1.0）,6
"257861233548595242",21924,"5000.00",2022-12-13 05:29:25,银信金（风擎1.0）,1
"257883547849854982",15217,"1000.00",2022-12-13 07:01:39,银信金（风擎1.0）,1
"257916982232485893",22562,"2000.00",2022-12-13 09:10:30,银信金（风擎1.0）,1
"257959842348666928",21863,"3000.00",2022-12-13 12:00:59,银信金（风擎1.0）,1
"257971412776652823",10187,"3800.00",2022-12-13 12:47:12,银信金,12
"258026002398187575",25286,"1000.00",2022-12-13 16:25:34,银信金（风擎1.0）,12
"258125173968998458",25301,"8000.00",2022-12-13 22:58:04,银信金（风擎1.0）,12
"258140487603589157",14194,"1000.00",2022-12-13 23:58:58,银信金（风擎1.0）,1
"258197658496274461",11924,"3500.00",2022-12-14 03:45:49,银信金（风擎1.0）,1
"258206978441089106",13972,"1000.00",2022-12-14 04:22:56,银信金（风擎1.0）,1
"258239864267477015",24824,"2000.00",2022-12-14 06:33:34,银信金（风擎1.0）,1
"258275567776960530",17248,"1500.00",2022-12-14 08:55:31,银信金（风擎1.0）,1
"258276134452596818",25486,"1000.00",2022-12-14 08:57:37,银信金,6
"258306271109845053",21726,"2000.00",2022-12-14 10:57:26,银信金（风擎1.0）,1
"258402965461798986",15248,"5000.00",2022-12-14 17:21:40,银信金（风擎1.0）,1
"258540561621979232",12559,"1000.00",2022-12-15 02:28:31,银信金（风擎1.0）,12
"258561366779105292",12000,"3500.00",2022-12-15 03:51:10,银信金（风擎1.0）,1
"258561584270544990",25595,"3000.00",2022-12-15 03:51:51,银信金,12
"258562079261331546",24824,"1000.00",2022-12-15 03:53:44,银信金（风擎1.0）,1
"258571385767596054",23581,"7000.00",2022-12-15 04:31:25,银信金（风擎1.0）,12
"258574462994223190",17245,"1000.00",2022-12-15 04:43:05,银信金（风擎1.0）,1
"258574864724660249",15161,"5000.00",2022-12-15 04:45:19,银信金（风擎1.0）,1
"258578518173159459",13649,"1500.00",2022-12-15 04:59:19,银信金（风擎1.0）,1
"258582406708203576",25616,"3000.00",2022-12-15 05:14:40,银信金,6
"258614673757311069",14845,"1000.00",2022-12-15 07:22:54,银信金（风擎1.0）,1
"258616389424779353",25647,"6000.00",2022-12-15 07:29:51,银信金,12
"258620744093798489",20825,"1000.00",2022-12-15 08:12:52,银信金【限1期】（风擎1.0）,1
"258739913032339481",11922,"3000.00",2022-12-15 15:40:26,银信金（风擎1.0）,1
"258749876572131425",24560,"3100.00",2022-12-15 16:20:29,银信金（风擎1.0）,12
"258900124917436433",23699,"2000.00",2022-12-16 02:17:06,银信金（风擎1.0）,1
"258972821634551878",19435,"1000.00",2022-12-16 07:06:12,银信金（风擎1.0）,1
"258974813345943615",25773,"10000.00",2022-12-16 07:13:48,银信金,6
"259024479919935524",25806,"8000.00",2022-12-16 10:31:17,银信金,12
"259268000786550838",25838,"8000.00",2022-12-17 02:39:10,银信金,12
"259269579786817571",12559,"1000.00",2022-12-17 02:45:58,银信金（风擎1.0）,12
"259291303047729173",25850,"10000.00",2022-12-17 04:14:49,银信金（风擎1.0）,12
"259343605695647760",25874,"5000.00",2022-12-17 07:39:37,银信金,12
"259362797664735296",25286,"1000.00",2022-12-17 08:55:42,银信金（风擎1.0）,12
"259603825978118159",8115,"1400.00",2022-12-18 00:53:44,银信金,6
"259611467479912538",20896,"1000.00",2022-12-18 01:24:04,银信金（风擎1.0）,1
"259618764952309788",21042,"10000.00",2022-12-18 01:52:55,银信金（风擎1.0）,12
"259661645024989185",17245,"1000.00",2022-12-18 04:43:05,银信金（风擎1.0）,1
"259671103390224384",15813,"5000.00",2022-12-18 05:20:51,银信金（风擎1.0）,1
"259729884019036189",15843,"3000.00",2022-12-18 09:14:21,银信金（风擎1.0）,1
"260021300133761039",23310,"1000.00",2022-12-19 04:32:18,银信金（风擎1.0）,12
"260109845947093085",25207,"8000.00",2022-12-19 10:25:07,银信金,6
"260155506054795293",26055,"4000.00",2022-12-19 13:25:33,银信金,12
"260209891036237831",21781,"5000.00",2022-12-19 17:02:27,银信金（风擎1.0）,1
"260214721389662302",16591,"9000.00",2022-12-19 17:20:54,银信金（风擎1.0）,12
"260295382146355240",16835,"6000.00",2022-12-19 22:41:50,银信金【限1期】（风擎1.0）,1
"260392757833633793",12232,"3000.00",2022-12-20 05:08:28,银信金（风擎1.0）,1
"260443405010735189",26133,"6000.00",2022-12-20 08:29:43,银信金,6
"260490270209085522",25045,"1000.00",2022-12-20 11:36:01,银信金（风擎1.0）,1
"260704251326631936",26218,"5000.00",2022-12-21 01:46:15,银信金,6
"260733521499394069",26261,"10000.00",2022-12-21 03:42:21,银信金,6
"260735067322716207",26269,"3000.00",2022-12-21 03:48:31,银信金,12
"260749668189868116",26289,"3000.00",2022-12-21 04:46:33,银信金,12
"260761233769238613",17245,"1000.00",2022-12-21 05:32:36,银信金（风擎1.0）,1
"260767522436026423",19242,"9000.00",2022-12-21 05:59:34,银信金（风擎1.0）,12
"260771990485471234",26325,"4500.00",2022-12-21 06:15:26,银信金,12
"260778500254994531",26345,"8000.00",2022-12-21 06:42:29,银信金,12
"260797424178696249",26378,"5000.00",2022-12-21 07:56:40,银信金,12
"260798686848749633",26380,"1000.00",2022-12-21 08:01:28,银信金,12
"260808343239659594",26207,"8000.00",2022-12-21 08:39:59,银信金,12
"260860568209068117",7409,"1000.00",2022-12-21 12:07:32,银信金,6
"260867030436155393",17108,"3500.00",2022-12-21 12:34:15,银信金（风擎1.0）,1
"261070453089636363",25045,"1000.00",2022-12-22 02:01:19,银信金（风擎1.0）,1
"261082207123279960",16828,"5000.00",2022-12-22 02:49:24,银信金【限1期】（风擎1.0）,1
"261086614883799083",21545,"3000.00",2022-12-22 03:05:49,银信金（风擎1.0）,1
"261095060555304994",26497,"8000.00",2022-12-22 03:39:15,银信金,6
"261095641772593191",26492,"3000.00",2022-12-22 03:41:26,银信金,6
"261137404231028814",16641,"10000.00",2022-12-22 06:27:18,银信金【限1期】（风擎1.0）,1
"261142735984136226",26555,"7500.00",2022-12-22 06:48:44,银信金,12
"261151393325387849",26575,"10000.00",2022-12-22 07:22:59,银信金,12
"261166383398785067",26595,"6000.00",2022-12-22 08:22:22,银信金,12
"261172003845836812",15553,"1000.00",2022-12-22 08:44:47,银信金（风擎1.0）,1
"261197670180327485",26642,"5000.00",2022-12-22 10:26:59,银信金,6
"261201223041028114",26627,"10000.00",2022-12-22 10:41:00,银信金,12
"261210821852532790",22905,"5000.00",2022-12-22 11:19:39,银信金（风擎1.0）,1
"261249858999029856",26656,"3500.00",2022-12-22 13:54:18,银信金,12
"261255772871200856",26676,"1000.00",2022-12-22 14:17:36,银信金,6
"261443530742960219",26693,"5000.00",2022-12-23 02:43:43,银信金,6
"261454261643251739",26706,"7500.00",2022-12-23 03:26:51,银信金,12
"261518075491389492",26782,"6000.00",2022-12-23 07:40:04,银信金,12
"261535992828268575",26814,"5500.00",2022-12-23 08:51:09,银信金,12
"261543968771280976",26819,"8000.00",2022-12-23 09:24:56,银信金,12
"261571957055688718",14383,"2000.00",2022-12-23 11:14:41,银信金（风擎1.0）,1
"261583326098362431",10103,"1100.00",2022-12-23 11:59:16,银信金,6
"261631775195926583",23310,"4000.00",2022-12-23 15:11:51,银信金（风擎1.0）,12
"261784903396495436",21781,"5000.00",2022-12-24 01:20:36,银信金（风擎1.0）,1
"261790667724951557",26868,"10000.00",2022-12-24 01:43:01,银信金,12
"261896903208341550",26967,"3000.00",2022-12-24 08:45:19,银信金,6
"261899380322340951",15217,"1000.00",2022-12-24 08:55:02,银信金（风擎1.0）,1
"261973538146226233",19052,"1000.00",2022-12-24 13:49:45,银信金（风擎1.0）,6
"262026873041719313",18161,"3000.00",2022-12-24 17:21:44,银信金（风擎1.0）,1
"262170799279050851",20575,"1000.00",2022-12-25 02:53:54,银信金【限1期】（风擎1.0）,1
"262222437268197402",15644,"3000.00",2022-12-25 06:19:03,银信金（风擎1.0）,1
"262284277872463944",26856,"5000.00",2022-12-25 10:27:13,银信金,6
"262551262522904655",27073,"6000.00",2022-12-26 04:05:29,银信金,12
"262575794302357548",27110,"6000.00",2022-12-26 05:43:12,银信金,12
"262591459306377301",27126,"8000.00",2022-12-26 06:45:42,银信金,12
"262598743491219504",21835,"3000.00",2022-12-26 07:14:36,银信金（风擎1.0）,1
"262639272463568926",27177,"6000.00",2022-12-26 09:55:08,银信金,6
"262681405962719287",27210,"6000.00",2022-12-26 12:42:29,银信金,6
"262692203762159648",6951,"1000.00",2022-12-26 13:26:21,银信金,12
"262852576301682782",14383,"1000.00",2022-12-27 00:02:46,银信金（风擎1.0）,1
"262903281372762182",18805,"3500.00",2022-12-27 03:24:44,银信金（风擎1.0）,1
"262923850348630040",27253,"1000.00",2022-12-27 04:45:56,银信金,12
"262924052715409478",20896,"1000.00",2022-12-27 04:47:06,银信金（风擎1.0）,1
"262944173517312027",27231,"3500.00",2022-12-27 06:07:05,银信金,12
"262946296023879710",27274,"8000.00",2022-12-27 06:15:21,银信金,12
"262967925261078554",27293,"5500.00",2022-12-27 07:41:03,银信金,6
"262969284840525898",27309,"6000.00",2022-12-27 07:46:47,银信金,6
"263031983934935064",26992,"4000.00",2022-12-27 11:56:04,银信金,6
"263033957212360737",18218,"3000.00",2022-12-27 12:03:24,银信金（风擎1.0）,1
"263071838089908225",27370,"8000.00",2022-12-27 14:34:13,银信金,12
"263072653865259061",17245,"1000.00",2022-12-27 14:37:23,银信金（风擎1.0）,1
"263240326423121936",15161,"5000.00",2022-12-28 01:43:27,银信金（风擎1.0）,1
"263250700337811523",26676,"2500.00",2022-12-28 02:24:56,银信金,6
"263294222294192197",26519,"8000.00",2022-12-28 05:17:40,银信金,12
"263352729257250878",19435,"1000.00",2022-12-28 09:11:11,银信金（风擎1.0）,1
"263493899224485915",7709,"1000.00",2022-12-28 18:31:10,银信金,6
"263603436258463768",20575,"1000.00",2022-12-29 01:46:29,银信金【限1期】（风擎1.0）,1
"263721542125490228",27008,"5500.00",2022-12-29 09:35:50,银信金,12
"263941912589897785",27610,"5000.00",2022-12-30 00:11:29,银信金,12
"264004557430984743",11953,"1000.00",2022-12-30 04:20:12,银信金（风擎1.0）,1
"264055766384775233",14845,"1000.00",2022-12-30 07:43:54,银信金（风擎1.0）,1
"264169049167106126",12211,"1000.00",2022-12-30 15:14:26,银信金（风擎1.0）,12
"264335236190572598",12202,"1200.00",2022-12-31 02:14:48,银信金（风擎1.0）,12
"264339826210377741",27733,"4000.00",2022-12-31 02:32:30,银信金,6
"264348192051695691",7357,"5000.00",2022-12-31 03:06:05,银信金,6
"264364371210276953",8658,"1400.00",2022-12-31 04:10:08,银信金,6
"264412047385694233",11721,"1400.00",2022-12-31 07:19:41,银信金（风擎1.0）,1
"264430616509026398",26676,"3000.00",2022-12-31 08:33:29,银信金,6
"264432179155701804",26676,"1000.00",2022-12-31 08:39:55,银信金,6
"264435618044579933",19547,"3000.00",2022-12-31 08:53:11,银信金（风擎1.0）,1
"264474147206336594",19642,"1000.00",2022-12-31 11:26:18,银信金（风擎1.0）,1
"264477825690636338",21781,"5000.00",2022-12-31 11:42:20,银信金（风擎1.0）,1
"264679087098957847",16058,"2000.00",2023-01-01 01:00:39,银信金（风擎1.0）,1
"264679411805196295",12549,"3500.00",2023-01-01 01:02:03,银信金（风擎1.0）,1
"264772907442507860",27823,"1000.00",2023-01-01 07:13:44,银信金,12
"264779517095186449",17245,"1000.00",2023-01-01 07:39:42,银信金（风擎1.0）,1
"264789029323673688",20506,"3500.00",2023-01-01 08:17:45,银信金【限1期】（风擎1.0）,1
"264804854134870075",15223,"1000.00",2023-01-01 09:21:55,银信金（风擎1.0）,6
"264806841274470418",20502,"4000.00",2023-01-01 09:29:07,银信金【限1期】（风擎1.0）,1
"265022612177031233",20979,"3500.00",2023-01-01 23:45:46,银信金（风擎1.0）,1
"265037603949121572",13624,"1000.00",2023-01-02 00:45:43,银信金（风擎1.0）,1
"265040146670424083",7199,"1000.00",2023-01-02 00:55:26,银信金,6
"265056554397601822",27823,"1000.00",2023-01-02 02:00:36,银信金,12
"265082811122323482",19502,"6000.00",2023-01-02 03:45:01,银信金【限1期】（风擎1.0）,1
"265087478048886855",19642,"1000.00",2023-01-02 04:03:21,银信金（风擎1.0）,1
"265090925770969094",27854,"5000.00",2023-01-02 04:17:09,银信金,12
"265098691084423180",20638,"6000.00",2023-01-02 04:49:19,银信金【限1期】（风擎1.0）,1
"265105535752343594",27859,"5000.00",2023-01-02 05:15:20,银信金,12
"265125656478748764",20051,"1000.00",2023-01-02 06:35:39,银信金（风擎1.0）,1
"265131221451935840",18515,"1000.00",2023-01-02 06:57:20,银信金（风擎1.0）,1
"265166070090960962",26358,"5000.00",2023-01-02 09:21:36,银信金,12
"265325927733530689",21545,"5000.00",2023-01-02 19:51:02,银信金（风擎1.0）,1
"265492403102814220",20896,"1000.00",2023-01-03 06:52:41,银信金（风擎1.0）,1
"265533391171096635",13576,"3500.00",2023-01-03 09:37:03,银信金（风擎1.0）,1
"265544289877102603",27710,"3000.00",2023-01-03 10:18:48,银信金,12
"265544777200701478",13006,"1000.00",2023-01-03 10:20:47,银信金（风擎1.0）,1
"265549401844486151",19919,"3000.00",2023-01-03 10:39:03,银信金（风擎1.0）,1
"265569480044843013",20872,"3500.00",2023-01-03 11:59:18,银信金【限1期】（风擎1.0）,1
"265654806578860034",25045,"3000.00",2023-01-03 17:38:04,银信金（风擎1.0）,1
"265664700442873866",12888,"1300.00",2023-01-03 18:17:21,银信金（风擎1.0）,12
"265852831574134847",18304,"3500.00",2023-01-04 06:44:40,银信金（风擎1.0）,1
"265866815517888515",28069,"3000.00",2023-01-04 07:40:22,银信金,6
"265886024780091420",27823,"4000.00",2023-01-04 08:56:36,银信金,12
"265905388958912552",19642,"1000.00",2023-01-04 10:13:29,银信金（风擎1.0）,1
"265957168208023636",8791,"1100.00",2023-01-04 13:39:15,银信金,12
"266029809564520459",20805,"4000.00",2023-01-04 18:28:06,银信金【限1期】（风擎1.0）,1
"266120726334017595",22182,"6000.00",2023-01-05 00:29:31,银信金【限1期】（风擎1.0）,1
"266156329104707626",21726,"3000.00",2023-01-05 02:50:54,银信金（风擎1.0）,1
"266157143466578004",21695,"5000.00",2023-01-05 02:53:55,银信金（风擎1.0）,1
"266160371105140810",14879,"3000.00",2023-01-05 03:06:57,银信金（风擎1.0）,1
"266179557525164131",28131,"1000.00",2023-01-05 04:23:01,银信金,12
"266197942489190495",19727,"8000.00",2023-01-05 05:36:38,银信金（风擎1.0）,1
"266205989236248612",10275,"1000.00",2023-01-05 06:10:06,银信金,6
"266254936415801357",28186,"3000.00",2023-01-05 09:22:43,银信金,12
"266275280094629987",22233,"3000.00",2023-01-05 10:43:39,银信金【限1期】（风擎1.0）,1
"266275738162958401",18653,"1000.00",2023-01-05 10:46:17,银信金（风擎1.0）,1
"266321867843965005",21726,"1000.00",2023-01-05 13:48:37,银信金（风擎1.0）,1
"266325659419283487",6951,"1000.00",2023-01-05 14:03:31,灰度测试,6
"266342125438898239",20109,"3000.00",2023-01-05 15:09:06,银信金（风擎1.0）,1
"266349486585024517",13649,"3200.00",2023-01-05 15:40:21,银信金（风擎1.0）,1
"266524754196959311",28229,"5500.00",2023-01-06 03:14:52,银信金,12
"266530568638959688",28032,"2000.00",2023-01-06 03:37:44,银信金,6
"266584362357755932",8788,"1000.00",2023-01-06 07:11:41,银信金,6
"266630414981009411",7164,"3000.00",2023-01-06 10:14:42,银信金,6
"266633096764461063",20328,"6000.00",2023-01-06 10:25:13,银信金【限1期】（风擎1.0）,1
"266634975749738547",3697,"1100.00",2023-01-06 10:33:02,银信金,12
"266658378628075570",21726,"1000.00",2023-01-06 12:05:51,银信金（风擎1.0）,1
"266755667195465774",11953,"1000.00",2023-01-06 18:32:09,银信金（风擎1.0）,1
"266885635489534032",22529,"3000.00",2023-01-07 03:08:52,银信金（风擎1.0）,1
"266899020797055032",7194,"1000.00",2023-01-07 04:02:21,银信金,12
"266934063330365484",22825,"1000.00",2023-01-07 06:21:11,银信金【限1期】（风擎1.0）,1
"266961428173426746",28077,"10000.00",2023-01-07 08:10:27,银信金,12
"266998394885640282",25464,"4500.00",2023-01-07 10:37:13,银信金,12
"267009015836446808",12232,"2000.00",2023-01-07 11:20:30,银信金（风擎1.0）,1
"267018048446271566",15017,"3500.00",2023-01-07 11:55:06,银信金（风擎1.0）,1
"267043883857350686",17245,"1000.00",2023-01-07 14:45:22,银信金（风擎1.0）,1
"267066248750305359",21726,"1000.00",2023-01-07 15:06:47,银信金（风擎1.0）,1
"267210902955233326",17248,"3000.00",2023-01-08 00:41:21,银信金（风擎1.0）,1
"267263233591742551",21873,"6000.00",2023-01-08 04:09:29,银信金（风擎1.0）,1
"267302343232589903",23197,"3000.00",2023-01-08 06:44:27,银信金（风擎1.0）,1
"267316780245061649",23017,"3000.00",2023-01-08 07:41:56,银信金（风擎1.0）,1
"267317811565695024",13624,"1000.00",2023-01-08 07:46:08,银信金（风擎1.0）,1
"267336404047106118",23560,"3000.00",2023-01-08 09:00:42,银信金（风擎1.0）,1
"267340983279161384",8051,"1000.00",2023-01-08 09:18:32,银信金,12
"267354418247241776",13183,"1000.00",2023-01-08 10:11:40,银信金（风擎1.0）,1
"267606860276830275",15011,"3000.00",2023-01-09 02:54:31,银信金（风擎1.0）,1
"267630954686845012",23479,"3000.00",2023-01-09 04:30:36,银信金（风擎1.0）,1
"267650821209067543",28489,"12000.00",2023-01-09 05:49:11,银信金,12
"267672628515442738",20825,"2500.00",2023-01-09 07:15:58,银信金【限1期】（风擎1.0）,1
"267707422817259574",20766,"3000.00",2023-01-09 09:34:27,银信金【限1期】（风擎1.0）,1
"267720213213089847",19884,"1000.00",2023-01-09 10:25:09,银信金（风擎1.0）,1
"267790501376299018",19884,"2000.00",2023-01-09 15:04:21,银信金（风擎1.0）,1
"267968638353543246",28123,"6000.00",2023-01-10 02:52:30,银信金,12
"268093010628186199",11422,"1400.00",2023-01-10 11:06:29,银信金（风擎1.0）,12
"268139993640341578",25286,"1000.00",2023-01-10 14:13:13,银信金（风擎1.0）,12
"268180798316875866",5006,"3000.00",2023-01-10 16:56:46,银信金（风擎1.0）,1
"268261888813568084",14845,"2000.00",2023-01-10 22:17:29,银信金（风擎1.0）,1
"268277292231430196",14762,"3000.00",2023-01-10 23:18:47,银信金（风擎1.0）,1
"268328274764107780",28649,"5000.00",2023-01-11 02:41:14,银信金,12
"268418234531844188",28687,"5000.00",2023-01-11 08:38:45,银信金,12
"268419282008936523",6951,"1000.00",2023-01-11 08:42:53,灰度测试,6
"268438357921632266",19481,"3000.00",2023-01-11 09:58:40,银信金（风擎1.0）,1
"268442014121594884",12795,"6500.00",2023-01-11 10:14:42,银信金（风擎1.0）,12
"268492561864331358",8056,"3000.00",2023-01-11 13:34:22,银信金,12
"268496005085925428",18782,"1000.00",2023-01-11 13:47:55,银信金（风擎1.0）,1
"268505782369259607",19877,"3000.00",2023-01-11 14:26:28,银信金（风擎1.0）,1
"268509516738465853",21921,"4000.00",2023-01-11 14:42:22,银信金（风擎1.0）,1
"268530396889747555",24537,"3000.00",2023-01-11 16:04:46,银信金（风擎1.0）,1
"268549032610238503",14501,"3000.00",2023-01-11 17:18:34,银信金（风擎1.0）,1
"268595001448075326",14845,"2000.00",2023-01-11 20:21:10,银信金（风擎1.0）,1
"268653799655215131",10187,"1600.00",2023-01-12 00:15:02,银信金,12
"268669957578035289",8791,"1100.00",2023-01-12 01:19:07,银信金,12
"268677152898158643",13183,"1600.00",2023-01-12 01:47:37,银信金（风擎1.0）,1
"268702889009090641",22840,"3000.00",2023-01-12 04:00:11,银信金（风擎1.0）,1
"268744276186370087",28775,"3500.00",2023-01-12 06:14:11,银信金,12
"268752417120718933",28782,"3000.00",2023-01-12 06:46:35,银信金,12
"268759785262944313",23545,"3000.00",2023-01-12 07:15:49,银信金（风擎1.0）,1
"268802675980767290",10151,"1400.00",2023-01-12 10:10:31,银信金,12
"268830539455271010",22562,"3000.00",2023-01-12 11:57:10,银信金（风擎1.0）,1
"268844044522754108",14071,"1200.00",2023-01-12 12:50:37,银信金（风擎1.0）,12
"268923096537370675",24824,"6000.00",2023-01-12 18:04:48,银信金（风擎1.0）,1
"269033471987552264",27844,"5000.00",2023-01-13 01:23:33,银信金,12
"269048610296041521",9353,"2200.00",2023-01-13 02:23:38,银信金,6
"269070786579533894",28840,"3500.00",2023-01-13 03:52:03,银信金,6
"269137197133860881",28876,"4000.00",2023-01-13 08:15:28,银信金,12
"269416401897394187",7409,"1200.00",2023-01-14 02:45:20,银信金,6
"269760379909967927",12559,"1000.00",2023-01-15 01:32:09,银信金（风擎1.0）,12
"269857215723212817",28958,"3000.00",2023-01-15 07:56:39,银信金,12
"269944892610973715",13624,"1200.00",2023-01-15 13:45:08,银信金（风擎1.0）,1
"270151581113126986",14294,"2000.00",2023-01-16 03:26:31,银信金（风擎1.0）,1
"270170927906558012",29007,"4000.00",2023-01-16 04:43:10,银信金,6
"270209928705216567",21578,"3000.00",2023-01-16 07:18:51,银信金【限1期】（风擎1.0）,1
"270508325999874060",15843,"3000.00",2023-01-17 03:04:06,银信金（风擎1.0）,1
"270528240622374916",22278,"2000.00",2023-01-17 04:24:39,银信金【限1期】（风擎1.0）,1
"270547374093504557",8936,"1400.00",2023-01-17 05:39:15,银信金,6
"270562023601999903",13320,"1000.00",2023-01-17 06:38:32,银信金（风擎1.0）,1
"270591967157686305",28062,"3000.00",2023-01-17 08:36:54,银信金,12
"270599018344747014",29068,"3000.00",2023-01-17 09:04:26,银信金,6
"270639029224083464",29113,"4000.00",2023-01-17 11:43:21,银信金,12
"270676146109157468",13105,"2900.00",2023-01-17 14:11:44,银信金（风擎1.0）,1
"270683129533042785",18515,"3000.00",2023-01-17 14:38:32,银信金（风擎1.0）,1
"270856414015131743",10197,"3000.00",2023-01-18 02:09:41,银信金,12
"270912264486391903",15644,"3000.00",2023-01-18 05:49:20,银信金（风擎1.0）,1
"270955341989154915",19642,"1000.00",2023-01-18 08:40:43,银信金（风擎1.0）,1
"270965587553947735",25595,"2000.00",2023-01-18 09:21:20,银信金,6
"271023130137464869",20575,"2000.00",2023-01-18 13:09:42,银信金【限1期】（风擎1.0）,1
"271220388825010235",29153,"4000.00",2023-01-19 02:13:30,银信金,6
"271302862678659090",23544,"1000.00",2023-01-19 07:41:15,银信金（风擎1.0）,1
"271303689870905412",23544,"2000.00",2023-01-19 07:44:29,银信金（风擎1.0）,1
"271305699764604972",28777,"4000.00",2023-01-19 07:53:10,银信金,12
"271324907906928739",16828,"5000.00",2023-01-19 09:11:11,银信金【限1期】（风擎1.0）,1
"271586791465816150",7813,"2000.00",2023-01-20 02:29:40,银信金,12
"271691520686559329",11272,"1300.00",2023-01-20 09:26:02,银信金（风擎1.0）,12
"271751430321344545",25595,"1000.00",2023-01-20 13:24:01,银信金,6
"271763797021167655",18218,"3000.00",2023-01-20 14:13:09,银信金（风擎1.0）,1
"271788970780790828",16835,"6000.00",2023-01-20 15:54:45,银信金【限1期】（风擎1.0）,1
"271888682301132827",20438,"3500.00",2023-01-20 22:29:31,银信金【限1期】（风擎1.0）,1
"271917743748550669",17108,"3500.00",2023-01-21 00:24:34,银信金（风擎1.0）,1
"272034792424476751",9093,"1000.00",2023-01-21 08:09:46,银信金,12
"272050929585491983",23699,"4000.00",2023-01-21 09:13:52,银信金（风擎1.0）,1
"272058320695726135",21013,"3500.00",2023-01-21 09:44:36,银信金【限1期】（风擎1.0）,1
"272164134831919180",19435,"1000.00",2023-01-21 16:44:07,银信金（风擎1.0）,1
"272298893805490259",8923,"1900.00",2023-01-22 01:40:14,银信金,12
"272334772137758795",16641,"10000.00",2023-01-22 04:01:47,银信金【限1期】（风擎1.0）,1
"272482686394830908",12549,"3500.00",2023-01-22 13:49:26,银信金（风擎1.0）,1
"272682541633376286",14855,"3000.00",2023-01-23 03:04:01,银信金（风擎1.0）,1
"273128965365960756",11953,"1000.00",2023-01-24 08:37:23,银信金（风擎1.0）,1
"273167507735580719",15813,"5000.00",2023-01-24 11:10:42,银信金（风擎1.0）,1
"273830728423313409",11922,"1000.00",2023-01-26 07:06:07,银信金（风擎1.0）,1
"273916623080001541",10814,"3000.00",2023-01-26 12:47:24,银信金,6
"273962840879140958",18161,"3000.00",2023-01-26 15:50:49,银信金（风擎1.0）,1
"274113478522966060",11721,"1600.00",2023-01-27 01:49:37,银信金（风擎1.0）,1
"274165886418554884",28589,"3500.00",2023-01-27 05:18:03,银信金,6
"274231505969090624",18805,"3500.00",2023-01-27 09:38:50,银信金（风擎1.0）,1
"274639739695534174",18782,"1000.00",2023-01-28 12:40:57,银信金（风擎1.0）,1
"274907401172422697",25054,"5000.00",2023-01-29 06:24:50,银信金（风擎1.0）,1
"274907480042115075",11953,"1000.00",2023-01-29 06:24:38,银信金（风擎1.0）,1
"274977634448969744",14294,"1000.00",2023-01-29 11:03:37,银信金（风擎1.0）,1
"275263705971822639",7538,"1000.00",2023-01-30 06:00:24,银信金,12
"275295339462922246",11924,"3500.00",2023-01-30 08:06:08,银信金,6
"275344906841624619",13006,"3500.00",2023-01-30 11:22:48,银信金,12
"275367465733722148",20502,"4000.00",2023-01-30 12:52:36,银信金（风擎1.0）,1
"275374814070444098",10845,"1400.00",2023-01-30 13:22:06,银信金,12
"275553162079899654",21781,"5000.00",2023-01-31 01:11:24,银信金,6
"275576029551136799",15161,"5000.00",2023-01-31 02:41:17,银信金,6
"275584746388590618",11268,"2000.00",2023-01-31 03:16:08,银信金（风擎1.0）,6
"275598672841019411",7357,"4000.00",2023-01-31 04:11:17,银信金,6
"275634856271155235",29332,"3000.00",2023-01-31 06:35:23,银信金,6
"275635227810992219",21835,"3000.00",2023-01-31 06:36:49,银信金,12
"275709958954291227",6951,"1000.00",2023-01-31 11:33:23,灰度测试,6
"275847305536606214",21545,"3000.00",2023-01-31 20:39:22,银信金,12
"275849249558761500",21545,"5000.00",2023-01-31 20:48:27,银信金（风擎1.0）,1
"275891779033763840",19435,"2000.00",2023-01-31 23:35:57,银信金（风擎1.0）,1
"275898799854063640",16058,"2000.00",2023-02-01 00:03:47,银信金,6
"275912221706555487",6994,"1400.00",2023-02-01 00:57:10,银信金（风擎1.0）,12
"275940495010697275",29172,"4000.00",2023-02-01 02:49:31,银信金,6
"275979787808411650",20872,"3500.00",2023-02-01 05:25:38,银信金,12
"275994774522171417",20051,"1000.00",2023-02-01 06:25:11,银信金（风擎1.0）,1
"276021362580131913",29387,"3000.00",2023-02-01 08:10:48,银信金,12
"276062694371627086",20805,"4000.00",2023-02-01 10:55:15,银信金【限1期】（风擎1.0）,1
"276065311751540798",18515,"1500.00",2023-02-01 11:05:28,银信金（风擎1.0）,1
"276092306514382854",20506,"3500.00",2023-02-01 12:52:57,银信金【限1期】（风擎1.0）,1
"276261787068928098",20979,"3500.00",2023-02-02 00:06:10,银信金（风擎1.0）,1
"276262635253665846",20701,"3500.00",2023-02-02 00:09:33,银信金【限1期】（风擎1.0）,1
"276267602383343682",20825,"1000.00",2023-02-02 00:29:18,银信金【限1期】（风擎1.0）,1
"276275441462022155",20825,"2000.00",2023-02-02 01:00:28,银信金【限1期】（风擎1.0）,1
"276279753261060165",7194,"1000.00",2023-02-02 01:17:50,银信金,12
"276312413584887894",29318,"7000.00",2023-02-02 03:27:42,银信金,12
"276323249623797850",21718,"4000.00",2023-02-02 04:10:25,银信金（风擎1.0）,1
"276325781435715636",19727,"8000.00",2023-02-02 04:21:07,银信金（风擎1.0）,1
"276333083647676447",22825,"1000.00",2023-02-02 04:49:46,银信金【限1期】（风擎1.0）,1
"276351385111498843",19642,"1000.00",2023-02-02 06:02:23,银信金（风擎1.0）,1
"276352331581362239",19642,"1000.00",2023-02-02 06:06:14,银信金（风擎1.0）,1
"276352979844599844",16483,"3500.00",2023-02-02 06:08:59,银信金（风擎1.0）,1
"276353167447429160",19642,"1000.00",2023-02-02 06:09:13,银信金（风擎1.0）,1
"276359133945532513",19547,"3000.00",2023-02-02 06:32:58,银信金（风擎1.0）,1
"276364598985232423",13574,"3000.00",2023-02-02 06:56:39,银信金（风擎1.0）,1
"276367523014905934",7194,"1000.00",2023-02-02 07:06:29,银信金,12
"276380832476827682",20896,"3000.00",2023-02-02 07:59:39,银信金（风擎1.0）,1
"276458043036798995",19440,"1300.00",2023-02-02 13:06:04,银信金（风擎1.0）,12
"276648022316814397",13576,"3500.00",2023-02-03 01:41:23,银信金（风擎1.0）,1
"276655969478512731",19502,"6000.00",2023-02-03 02:12:40,银信金【限1期】（风擎1.0）,1
"276659456421531693",25521,"3000.00",2023-02-03 02:27:15,银信金,12
"276674937840865345",18304,"3500.00",2023-02-03 03:27:53,银信金（风擎1.0）,1
"276686236935131214",7709,"1600.00",2023-02-03 04:12:49,银信金,12
"276712014775193629",19919,"3000.00",2023-02-03 05:55:10,银信金（风擎1.0）,1
"276832492856676437",20109,"3000.00",2023-02-03 13:54:17,银信金（风擎1.0）,1
"276876623649837148",19884,"3000.00",2023-02-03 16:49:59,银信金（风擎1.0）,1
"276938135395504153",20638,"6000.00",2023-02-03 20:53:59,银信金【限1期】（风擎1.0）,1
"277003154149740623",26372,"6000.00",2023-02-04 01:12:15,银信金,12
"277015825603498077",22825,"1000.00",2023-02-04 02:02:27,银信金【限1期】（风擎1.0）,1
"277034504609206313",25596,"8000.00",2023-02-04 03:17:00,银信金,6
"277148762340724786",19481,"1000.00",2023-02-04 10:50:47,银信金（风擎1.0）,1
"277183940643655684",13111,"5000.00",2023-02-04 13:10:25,银信金（风擎1.0）,1
"277343649170329696",13649,"5000.00",2023-02-04 23:45:53,银信金（风擎1.0）,1
"277378901708247127",22233,"3000.00",2023-02-05 02:05:20,银信金【限1期】（风擎1.0）,1
"277420101563715607",29535,"4500.00",2023-02-05 04:48:57,银信金,6
"277537215792418851",22182,"6000.00",2023-02-05 12:34:13,银信金【限1期】（风擎1.0）,1
"277558104562995263",18782,"1000.00",2023-02-05 13:57:25,银信金（风擎1.0）,1
"277598867841749036",21726,"5000.00",2023-02-05 16:39:23,银信金（风擎1.0）,1
"277686328815128658",23560,"3000.00",2023-02-05 22:27:58,银信金（风擎1.0）,1
"277704388737372191",19481,"1000.00",2023-02-05 23:38:34,银信金（风擎1.0）,1
"277709758524428329",20328,"6000.00",2023-02-05 23:59:48,银信金【限1期】（风擎1.0）,1
"277768281786552403",21690,"4000.00",2023-02-06 03:52:35,银信金（风擎1.0）,1
"277829688070639707",23609,"3000.00",2023-02-06 08:03:07,银信金（风擎1.0）,1
"278070426217877578",15017,"3500.00",2023-02-06 23:53:25,银信金（风擎1.0）,1
"278110373108912202",21873,"6000.00",2023-02-07 02:32:03,银信金（风擎1.0）,1
"278142480778661942",22905,"5000.00",2023-02-07 04:40:41,银信金（风擎1.0）,1
"278206763323494473",23017,"3000.00",2023-02-07 08:54:52,银信金（风擎1.0）,1
DY20230207278251671883223081,23197,"3000.00",2023-02-07 11:53:13,银信金（风擎1.0）,1
DY20230207278255332722085936,10275,"1000.00",2023-02-07 12:10:04,银信金,6
DY20230207278256168986611714,6951,"1000.00",2023-02-07 12:10:56,灰度测试,6
DY20230208278447959903965233,17248,"3000.00",2023-02-08 00:53:16,银信金（风擎1.0）,1
DY20230208278449553152282690,12916,"5000.00",2023-02-08 01:01:16,银信金（风擎1.0）,1
DY20230208278495666622304266,22529,"3000.00",2023-02-08 04:02:54,银信金（风擎1.0）,1
DY20230208278497668165144636,11103,"3000.00",2023-02-08 04:11:37,银信金,6
DY20230208278524833774571531,21921,"4500.00",2023-02-08 05:58:55,银信金（风擎1.0）,1
DY20230208278542047294656540,26358,"1300.00",2023-02-08 07:07:36,银信金,12
DY20230208278546947667791956,23479,"3000.00",2023-02-08 07:26:53,银信金（风擎1.0）,1
DY20230208278573875875418153,13320,"3000.00",2023-02-08 09:15:15,银信金（风擎1.0）,1
DY20230208278610189656133651,22796,"3000.00",2023-02-08 11:37:46,银信金（风擎1.0）,1
DY20230208278638608909471759,8602,"2400.00",2023-02-08 13:30:52,银信金,6
DY20230208278641609866874921,8791,"1200.00",2023-02-08 13:42:47,银信金,12
DY20230208278658308406120454,29137,"1000.00",2023-02-08 14:49:17,银信金,12
DY20230209278808172230217742,8172,"1000.00",2023-02-09 00:44:51,银信金,12
DY20230209278830122595913755,17245,"1000.00",2023-02-09 02:12:13,银信金（风擎1.0）,1
DY20230209278845970492559434,17245,"1000.00",2023-02-09 03:14:47,银信金（风擎1.0）,1
DY20230209278878752140824593,13183,"2000.00",2023-02-09 05:26:28,银信金（风擎1.0）,1
DY20230209278905220988276785,13183,"1000.00",2023-02-09 07:10:25,银信金（风擎1.0）,1
DY20230209278930023447138396,20766,"3000.00",2023-02-09 08:48:59,银信金【限1期】（风擎1.0）,1
DY20230209278942351454507072,13638,"1400.00",2023-02-09 09:37:44,银信金（风擎1.0）,6
DY20230210279164426660221027,16058,"1000.00",2023-02-10 00:20:16,银信金（风擎1.0）,1
DY20230210279221250864320527,11092,"1100.00",2023-02-10 04:06:10,银信金,6
DY20230210279250721864552542,11922,"1100.00",2023-02-10 06:03:00,银信金（风擎1.0）,1
DY20230210279263089466150915,7409,"1500.00",2023-02-10 06:52:36,银信金,6
DY20230210279332713117388897,19832,"1100.00",2023-02-10 11:29:19,银信金（风擎1.0）,12
DY20230211279406206584492086,5006,"3000.00",2023-02-10 16:21:51,银信金（风擎1.0）,1
DY20230211279547319043625046,25595,"1000.00",2023-02-11 01:41:59,银信金,6
DY20230211279547932276035631,14762,"3000.00",2023-02-11 01:44:04,银信金（风擎1.0）,1
DY20230211279573217444761664,19481,"1000.00",2023-02-11 03:24:40,银信金（风擎1.0）,1
DY20230211279615599724859466,19877,"3000.00",2023-02-11 06:12:56,银信金（风擎1.0）,1
DY20230211279640994717241363,29757,"5000.00",2023-02-11 07:54:45,银信金,12
DY20230211279658761939980311,26856,"1700.00",2023-02-11 09:04:42,银信金,6
DY20230211279673615958544453,12232,"2000.00",2023-02-11 10:03:43,银信金（风擎1.0）,1
DY20230211279710506149875732,18988,"1300.00",2023-02-11 12:30:23,银信金（风擎1.0）,12
DY20230211279719484862894178,24537,"3000.00",2023-02-11 13:08:25,银信金（风擎1.0）,1
DY20230211279727302642896956,10275,"1000.00",2023-02-11 13:37:17,银信金,6
DY20230211279741169213247529,12559,"1000.00",2023-02-11 14:32:07,银信金（风擎1.0）,12
DY20230212279802129034645538,7179,"1000.00",2023-02-11 18:35:03,银信金,12
DY20230212279855337580925015,14501,"3000.00",2023-02-11 22:05:41,银信金（风擎1.0）,1
DY20230212279896799223877710,13183,"1000.00",2023-02-12 00:50:29,银信金（风擎1.0）,1
DY20230212279897417065828385,13183,"1000.00",2023-02-12 00:53:00,银信金（风擎1.0）,1
DY20230212279907474981654579,8358,"3000.00",2023-02-12 01:32:51,银信金,6
DY20230212279946267398901801,14294,"1000.00",2023-02-12 04:07:16,银信金（风擎1.0）,1
DY20230212280024805057630298,22840,"3000.00",2023-02-12 09:19:14,银信金（风擎1.0）,1
DY20230212280027943005196352,15223,"1100.00",2023-02-12 09:31:36,银信金（风擎1.0）,6
DY20230212280049341928968228,22562,"3000.00",2023-02-12 10:56:38,银信金（风擎1.0）,1
DY20230213280255886402916440,23545,"2000.00",2023-02-13 00:37:11,银信金（风擎1.0）,1
DY20230213280266051239940116,12559,"1000.00",2023-02-13 01:18:33,银信金（风擎1.0）,12
DY20230213280300899828633667,24824,"6000.00",2023-02-13 03:36:08,银信金（风擎1.0）,1
DY20230213280319216316452865,14294,"2000.00",2023-02-13 04:49:01,银信金（风擎1.0）,1
DY20230213280339171556593683,8936,"1500.00",2023-02-13 06:08:24,银信金,6
DY20230213280350949640376415,11430,"1000.00",2023-02-13 06:55:07,银信金（风擎1.0）,12
DY20230213280361338063163483,25045,"3000.00",2023-02-13 07:36:24,银信金（风擎1.0）,1
DY20230213280445314337476621,15056,"1000.00",2023-02-13 13:10:25,银信金（风擎1.0）,12
DY20230214280659814437228626,11922,"1900.00",2023-02-14 03:22:27,银信金（风擎1.0）,1
DY20230214280761327826374672,25391,"6000.00",2023-02-14 10:06:02,银信金,12
DY20230214280762448032698370,6972,"1100.00",2023-02-14 10:10:20,银信金,12
DY20230214280790445116756013,21924,"6000.00",2023-02-14 12:01:35,银信金（风擎1.0）,1
DY20230214280815056478933030,8767,"1100.00",2023-02-14 13:40:49,银信金,12
DY20230214280819626173141009,14745,"1000.00",2023-02-14 13:57:31,银信金（风擎1.0）,1
DY20230214280824170915434518,14745,"2000.00",2023-02-14 14:15:41,银信金（风擎1.0）,1
DY20230215281019702371815462,8658,"1200.00",2023-02-15 03:12:34,银信金,6
DY20230215281041647482048573,12559,"1000.00",2023-02-15 04:39:45,银信金（风擎1.0）,12
DY20230215281086768458108977,11867,"4000.00",2023-02-15 07:40:32,银信金（风擎1.0）,1
DY20230215281148871722274878,6951,"1000.00",2023-02-15 11:45:47,灰度测试,6
DY20230215281154620334673976,6951,"1000.00",2023-02-15 12:08:22,灰度测试,6
DY20230215281185725288943695,14745,"2000.00",2023-02-15 14:12:13,银信金（风擎1.0）,1
DY20230216281434160193736753,14845,"1000.00",2023-02-16 06:39:26,银信金（风擎1.0）,1
DY20230216281466416849358899,17245,"1000.00",2023-02-16 08:47:31,银信金（风擎1.0）,1
DY20230216281505535784783881,6951,"1000.00",2023-02-16 11:22:51,灰度测试,6
DY20230217281780195092992030,29928,"3000.00",2023-02-17 05:34:23,银信金,12
DY20230217281885169953149009,10275,"1000.00",2023-02-17 12:32:14,银信金,6
DY20230218282086571195371610,13624,"3800.00",2023-02-18 01:52:01,银信金（风擎1.0）,1
DY20230218282176991954866270,29960,"3000.00",2023-02-18 07:52:03,银信金,12
DY20230218282204540420362313,15843,"3000.00",2023-02-18 09:40:36,银信金（风擎1.0）,1
DY20230218282225083248939094,15644,"3000.00",2023-02-18 11:02:20,银信金（风擎1.0）,1
DY20230218282243742365257742,10275,"1000.00",2023-02-18 12:16:41,银信金,6
DY20230219282334440028508167,8115,"1200.00",2023-02-18 22:00:59,银信金,6
DY20230219282439256872456194,23986,"2000.00",2023-02-19 01:13:21,银信金（风擎1.0）,1
DY20230219282447965057060960,29795,"6000.00",2023-02-19 01:48:01,银信金,12
DY20230219282451849179697158,15011,"3000.00",2023-02-19 02:03:18,银信金（风擎1.0）,1
DY20230219282532889525096499,7194,"1000.00",2023-02-19 07:25:37,银信金,12
DY20230219282551418295029770,11953,"1000.00",2023-02-19 08:38:53,银信金（风擎1.0）,1
DY20230219282551992499441709,11953,"1000.00",2023-02-19 08:41:06,银信金（风擎1.0）,1
DY20230219282622893949587486,14970,"1000.00",2023-02-19 13:24:17,银信金（风擎1.0）,6
DY20230220282773032269910018,17108,"3500.00",2023-02-19 23:19:35,银信金（风擎1.0）,1
DY20230220282789009879601182,9607,"1100.00",2023-02-20 00:23:25,银信金,12
DY20230220282833737648050224,29994,"5000.00",2023-02-20 03:21:18,银信金,12
DY20230220282893315655995483,20438,"3500.00",2023-02-20 07:18:06,银信金【限1期】（风擎1.0）,1
DY20230220282939566044876823,11953,"1000.00",2023-02-20 10:29:57,银信金（风擎1.0）,1
DY20230220282999987124703313,21726,"1000.00",2023-02-20 14:21:39,银信金（风擎1.0）,1
DY20230221283225973338542165,16828,"5000.00",2023-02-21 05:19:42,银信金【限1期】（风擎1.0）,1
DY20230221283321555914723363,6951,"1000.00",2023-02-21 11:39:17,灰度测试,6
DY20230222283572292863266870,11268,"1000.00",2023-02-22 04:15:45,银信金（风擎1.0）,6
DY20230222283596655129923585,12232,"3000.00",2023-02-22 05:52:31,银信金（风擎1.0）,1
DY20230222283629381274964017,15223,"1300.00",2023-02-22 08:02:31,银信金（风擎1.0）,6
DY20230222283635616867029029,10275,"1000.00",2023-02-22 08:28:36,银信金,6
DY20230222283638632798097463,16641,"10000.00",2023-02-22 08:39:12,银信金【限1期】（风擎1.0）,1
DY20230223284023417718575161,11268,"1000.00",2023-02-23 10:08:13,银信金（风擎1.0）,12
